index,zone,type,type,name,usage(KB),total(KB)
1,code_post_gfx,  string,string,,1.7,1.7
2,code_post_gfx,  rawfile,rawfile,scriptdebugger/help.txt,3.1,3.1
3,code_post_gfx,  rawfile,rawfile,shock/default.shock,2.0,2.0
4,code_post_gfx,  rawfile,rawfile,shock/hold_breath.shock,2.0,2.0
5,code_post_gfx,  rawfile,rawfile,shock/pain.shock,2.0,2.0
6,code_post_gfx,  rawfile,rawfile,shock/victoryscreen.shock,2.0,2.0
7,code_post_gfx,  rawfile,rawfile,shock/flashbang.shock,2.0,2.0
8,code_post_gfx,  rawfile,rawfile,shock/dog_bite.shock,2.0,2.0
9,code_post_gfx,  rawfile,rawfile,shock/chaplincheat.shock,1.9,1.9
10,code_post_gfx,  rawfile,rawfile,radiant/keys.txt,21.8,21.8
11,code_post_gfx,  rawfile,rawfile,codescripts/character.gsc,5.0,5.0
12,code_post_gfx,  rawfile,rawfile,devgui_scriptart.cfg,3.1,3.1
13,code_post_gfx,  rawfile,rawfile,devgui_main.cfg,5.2,5.2
14,code_post_gfx,  rawfile,rawfile,devgui_renderer.cfg,7.3,7.3
15,code_post_gfx,  rawfile,rawfile,default.cfg,1.0,1.0
16,code_post_gfx,  rawfile,rawfile,avatar_dev.cfg,2.8,2.8
17,code_post_gfx,  rawfile,rawfile,createfx.cfg,1.2,1.2
18,code_post_gfx,  rawfile,rawfile,developer.cfg,2.9,2.9
19,code_post_gfx,  rawfile,rawfile,devgui_aimassist.cfg,2.7,2.7
20,code_post_gfx,  rawfile,rawfile,devgui_modelpreviewer.cfg,2.9,2.9
21,code_post_gfx,  rawfile,rawfile,default_splitscreen.cfg,3.4,3.4
22,code_post_gfx,  rawfile,rawfile,default_systemlink.cfg,3.8,3.8
23,code_post_gfx,  rawfile,rawfile,default_xboxlive.cfg,3.8,3.8
24,code_post_gfx,  rawfile,rawfile,robotg.cfg,2.1,2.1
25,code_post_gfx,  rawfile,rawfile,chad.cfg,1.6,1.6
26,code_post_gfx,  rawfile,rawfile,jake.cfg,1.0,1.0
27,code_post_gfx,  rawfile,rawfile,massey.cfg,1.5,1.5
28,code_post_gfx,  rawfile,rawfile,roger.cfg,1.5,1.5
29,code_post_gfx,  rawfile,rawfile,ragdoll.cfg,7.8,7.8
30,code_post_gfx,  rawfile,rawfile,antfarmcodmw1.cfg,1.0,1.0
31,code_post_gfx,  rawfile,rawfile,antfarmcodmw2.cfg,1.0,1.0
32,code_post_gfx,  font,font,fonts/smallDevFont,2.3,2.4
33,code_post_gfx,  font,font,fonts/consoleFont,6.0,6.1
34,code_post_gfx,  font,font,fonts/bigDevFont,2.3,2.3
35,code_post_gfx,  font,font,fonts/bigFont,4.5,4.5
36,code_post_gfx,  font,font,fonts/smallFont,4.5,4.5
37,code_post_gfx,  font,font,fonts/boldFont,4.5,4.5
38,code_post_gfx,  font,font,fonts/normalFont,4.5,4.5
39,code_post_gfx,  font,font,fonts/extraBigFont,4.5,4.5
40,code_post_gfx,  font,font,fonts/objectiveFont,4.3,4.3
41,code_post_gfx,  techset,techset,sm2/effect_nofog,1.4,1.4
42,code_post_gfx,  techset,techset,effect_nofog,1.2,1.2
43,code_post_gfx,  fx,fx,misc/missing_fx,0.9,1.0
44,code_post_gfx,  impactfx,impactfx,default,1.5,1.5
45,code_post_gfx,  techset,techset,sm2/tools,3.9,3.9
46,code_post_gfx,  techset,techset,tools,3.7,3.7
47,code_post_gfx,  techset,techset,sm2/depthprepass,1.6,1.6
48,code_post_gfx,  techset,techset,depthprepass,1.6,1.6
49,code_post_gfx,  techset,techset,sm2/glow_setup,2.2,2.2
50,code_post_gfx,  techset,techset,glow_setup,2.2,2.2
51,code_post_gfx,  techset,techset,sm2/glow_consistent_setup,1.7,1.7
52,code_post_gfx,  techset,techset,glow_consistent_setup,1.7,1.7
53,code_post_gfx,  techset,techset,sm2/glow_apply_sky_bleed,1.0,1.0
54,code_post_gfx,  techset,techset,glow_apply_sky_bleed,1.0,1.0
55,code_post_gfx,  techset,techset,sm2/filter_symmetric_3,1.1,1.1
56,code_post_gfx,  techset,techset,filter_symmetric_3,1.1,1.1
57,code_post_gfx,  techset,techset,sm2/filter_symmetric_4,1.2,1.2
58,code_post_gfx,  techset,techset,filter_symmetric_4,1.2,1.2
59,code_post_gfx,  techset,techset,sm2/filter_symmetric_5,1.4,1.4
60,code_post_gfx,  techset,techset,filter_symmetric_5,1.3,1.3
61,code_post_gfx,  techset,techset,sm2/filter_symmetric_6,1.6,1.6
62,code_post_gfx,  techset,techset,filter_symmetric_6,1.4,1.4
63,code_post_gfx,  techset,techset,sm2/filter_symmetric_7,1.7,1.7
64,code_post_gfx,  techset,techset,filter_symmetric_7,1.6,1.6
65,code_post_gfx,  techset,techset,sm2/filter_symmetric_8,1.9,1.9
66,code_post_gfx,  techset,techset,filter_symmetric_8,1.7,1.7
67,code_post_gfx,  techset,techset,sm2/postfx_dof,1.4,1.4
68,code_post_gfx,  techset,techset,postfx_dof,1.2,1.2
69,code_post_gfx,  techset,techset,sm2/postfx_dof_color,1.6,1.6
70,code_post_gfx,  techset,techset,postfx_dof_color,1.4,1.4
71,code_post_gfx,  techset,techset,sm2/dof_downsample,2.2,2.2
72,code_post_gfx,  techset,techset,dof_downsample,2.2,2.2
73,code_post_gfx,  techset,techset,sm2/shadowcaster,2.6,2.6
74,code_post_gfx,  techset,techset,shadowcaster,2.5,2.5
75,code_post_gfx,  techset,techset,sm2/cinematic,1.1,1.1
76,code_post_gfx,  techset,techset,cinematic,1.0,1.0
77,code_post_gfx,    menu,menu,error_popmenu,2.2,2.2
78,code_post_gfx,    menu,menu,save_corrupted,5.2,5.3
79,code_post_gfx,    menu,menu,popup_gettingdata,5.5,5.5
80,code_post_gfx,    menu,menu,error_popmenu_party,5.1,5.1
81,code_post_gfx,    menu,menu,error_popmenu_lobby,5.0,5.0
82,code_post_gfx,    menu,menu,popup_reconnectingtoparty,4.9,4.9
83,code_post_gfx,    menu,menu,acceptinvite_warning,8.3,8.3
84,code_post_gfx,    menu,menu,pregame_loaderror,2.8,2.8
85,code_post_gfx,    menu,menu,pregame_loaderror_mp,1.9,1.9
86,code_post_gfx,    menu,menu,briefing,2.5,2.5
87,code_post_gfx,    menu,menu,victoryscreen,2.1,2.1
88,code_post_gfx,    menu,menu,victory_notice_popmenu,4.6,4.6
89,code_post_gfx,    menu,menu,connect,1.1,1.1
90,code_post_gfx,  menufile,menufile,ui/code.txt,0.1,51.5
91,code_post_gfx,  xanim,xanim,void,16.3,16.3
92,code_post_gfx,  xmodel,xmodel,void,5.1,5.2
93,code_post_gfx,  rawfile,rawfile,soundaliases/channels.def,1.5,1.5
94,code_post_gfx,assetlist,assetlist,,14.4,401.0
95,code_post_gfx,xanim,xanim,(misc),1.7,1.7
96,code_post_gfx,material,material,(misc),2.4,2.4
97,code_post_gfx,techset,techset,(misc),31.7,31.7
98,code_post_gfx,sound,sound,(misc),2.1,2.1
99,code_post_gfx,localize,localize,(misc),62.2,62.2
100,code_post_gfx,rawfile,rawfile,(misc),10.4,10.4
101,ui,    menu,menu,main_text,38.5,38.9
102,ui,    menu,menu,resume_popmenu,7.1,7.2
103,ui,    menu,menu,popmenu_arcade,7.9,7.9
104,ui,    menu,menu,popmenu_sp_unlock,5.3,5.3
105,ui,    menu,menu,multi_popmenu,6.6,6.6
106,ui,    menu,menu,popmenu_overwrite_warning,7.1,7.1
107,ui,    menu,menu,popmenu_autosave_warning,4.7,4.7
108,ui,    menu,menu,popmenu_first_playable,7.7,7.7
109,ui,    menu,menu,levels,36.5,36.7
110,ui,    menu,menu,popmenu_act_pre,37.8,37.8
111,ui,    menu,menu,popmenu_act_one,88.3,88.3
112,ui,    menu,menu,popmenu_act_two,58.3,58.3
113,ui,    menu,menu,popmenu_act_three,48.0,48.0
114,ui,    menu,menu,popmenu_act_ep,17.1,17.1
115,ui,    menu,menu,levels_game,57.4,57.4
116,ui,    menu,menu,levels_test,9.7,9.7
117,ui,    menu,menu,levels_dev,24.1,24.1
118,ui,    menu,menu,popmenu_difficulty,21.3,21.3
119,ui,    menu,menu,popmenu_arcade_difficulty,14.3,14.3
120,ui,    menu,menu,popmenu_newgame,14.3,14.3
121,ui,    menu,menu,ingame_difficulty,13.7,13.7
122,ui,    menu,menu,main_controls,23.1,23.1
123,ui,    menu,menu,main_options,35.6,35.6
124,ui,    menu,menu,options_look,55.4,55.4
125,ui,    menu,menu,options_move,57.9,57.9
126,ui,    menu,menu,options_shoot,67.0,67.0
127,ui,    menu,menu,options_misc,32.6,32.6
128,ui,    menu,menu,options_graphics,79.0,79.0
129,ui,    menu,menu,options_graphics_texture,52.8,52.8
130,ui,    menu,menu,apply_picmip_popmenu,2.3,2.3
131,ui,    menu,menu,options_game,52.3,52.3
132,ui,    menu,menu,options_sound,50.0,50.0
133,ui,    menu,menu,options_control_defaults,28.1,28.1
134,ui,    menu,menu,options_graphics_defaults,38.0,38.0
135,ui,    menu,menu,player_profile,9.2,9.2
136,ui,    menu,menu,profile_create_popmenu,7.2,7.2
137,ui,    menu,menu,profile_must_create_popmenu,4.3,4.3
138,ui,    menu,menu,profile_del_sure_popmenu,6.7,6.7
139,ui,    menu,menu,profile_exists_popmenu,4.3,4.3
140,ui,    menu,menu,profile_create_fail_popmenu,4.3,4.3
141,ui,    menu,menu,profile_create_too_many_popmenu,4.3,4.3
142,ui,    menu,menu,profile_delete_fail_popmenu,4.3,4.3
143,ui,    menu,menu,quit_popmenu,6.6,6.6
144,ui,    menu,menu,vid_restart_popmenu,6.8,6.8
145,ui,    menu,menu,vid_restart_popmenu_listen,6.5,6.5
146,ui,    menu,menu,vid_restart_popmenu_dead,4.3,4.3
147,ui,    menu,menu,language_restart_popmenu,3.2,3.3
148,ui,    menu,menu,snd_restart_popmenu,6.8,6.8
149,ui,    menu,menu,save_load_menu,7.6,7.6
150,ui,    menu,menu,load_sure_popmenu,1.6,1.6
151,ui,    menu,menu,save_del_sure_popmenu,1.5,1.5
152,ui,    menu,menu,save_overwrite_popmenu,1.5,1.5
153,ui,  menufile,menufile,ui/menus.txt,0.2,1193.0
154,ui,assetlist,assetlist,,0.3,1194.3
155,ui,material,material,(misc),1.2,1.2
156,ui,menu,menu,(misc),1.2,1.2
157,common_ignore,  string,string,,1.3,1.3
158,common_ignore,  techset,techset,sm2/mc_l_sm_skin_r0c0n0s0,34.6,34.6
159,common_ignore,  techset,techset,sm2/mc_l_sm_skin_r0c0,22.0,22.0
160,common_ignore,  techset,techset,sm2/mc_l_hsm_skin_r0c0,14.6,14.6
161,common_ignore,  techset,techset,sm2/mc_l_hsm_skin_r0c0n0,17.1,17.1
162,common_ignore,  techset,techset,mc_l_sm_skin_r0c0n0s0,56.5,56.5
163,common_ignore,  techset,techset,mc_l_sm_skin_r0c0,34.3,34.3
164,common_ignore,  techset,techset,mc_l_sm_skin_r0c0s0,38.1,38.1
165,common_ignore,  techset,techset,mc_l_sm_skin_r0c0n0,33.9,33.9
166,common_ignore,  techset,techset,mc_l_hsm_skin_r0c0,17.5,17.5
167,common_ignore,  techset,techset,mc_l_hsm_skin_r0c0s0,19.1,19.1
168,common_ignore,  techset,techset,mc_l_hsm_skin_r0c0n0,19.9,19.9
169,common_ignore,  techset,techset,mc_l_hsm_skin_r0c0n0s0,21.1,21.1
170,common_ignore,  techset,techset,mc_l_sm_r0c0n0s0,48.4,48.4
171,common_ignore,  techset,techset,mc_l_sm_r0c0,34.0,34.0
172,common_ignore,  techset,techset,mc_l_sm_r0c0s0,37.7,37.7
173,common_ignore,  techset,techset,mc_l_sm_r0c0n0,33.7,33.7
174,common_ignore,  techset,techset,mc_l_hsm_r0c0,17.4,17.4
175,common_ignore,  techset,techset,mc_l_hsm_r0c0s0,18.9,18.9
176,common_ignore,  techset,techset,mc_l_hsm_r0c0n0,19.7,19.7
177,common_ignore,  techset,techset,mc_l_hsm_r0c0n0s0,20.9,20.9
178,common_ignore,  xmodel,xmodel,viewmodel_base_viewhands,143.0,143.5
179,common_ignore,assetlist,assetlist,,0.4,708.3
180,common_ignore,techset,techset,(misc),3.4,3.4
181,common,  string,string,,6.2,6.2
182,common,  xanim,xanim,sprint1_loop,24.3,24.3
183,common,  xanim,xanim,crouch_pain_holdstomach,14.5,14.5
184,common,  xanim,xanim,back_pain,37.8,37.8
185,common,  xanim,xanim,balcony_tumble_railing44_forward,14.2,14.2
186,common,  xanim,xanim,balcony_tumble_railing36_forward,13.8,13.8
187,common,  xanim,xanim,balcony_stumble_forward,8.9,8.9
188,common,  xanim,xanim,death_explosion_right13,17.3,17.3
189,common,  xanim,xanim,death_explosion_left11,17.8,17.8
190,common,  xanim,xanim,death_explosion_forward13,15.2,15.2
191,common,  xanim,xanim,death_explosion_back13,20.6,20.6
192,common,  xanim,xanim,death_explosion_up10,19.3,19.3
193,common,  xanim,xanim,death_run_forward_crumple,16.8,16.8
194,common,  xanim,xanim,death_run_onleft,13.3,13.3
195,common,  xanim,xanim,death_run_onfront,14.2,14.2
196,common,  xanim,xanim,death_stand_dropinplace,23.5,23.5
197,common,  xanim,xanim,crouch_death_clutchchest,19.1,19.1
198,common,  xanim,xanim,prone_death_quickdeath,8.7,8.7
199,common,  xanim,xanim,casualcornera_idle_left,7.6,7.6
200,common,  xanim,xanim,corner_left_crouch_look2alert,4.0,4.0
201,common,  xanim,xanim,corner_left_crouch_alertlookidle,3.5,3.5
202,common,  xanim,xanim,corner_left_crouch_alert2look,4.0,4.0
203,common,  xanim,xanim,corner_left_crouch_behind2left,11.0,11.0
204,common,  xanim,xanim,corner_left_crouch_left2behind,6.4,6.4
205,common,  xanim,xanim,corner_left_crouch_right2straight,6.0,6.0
206,common,  xanim,xanim,corner_left_crouch_straight2right,2.5,2.5
207,common,  xanim,xanim,corner_left_crouch_straight2left,1.4,1.4
208,common,  xanim,xanim,corner_left_crouch_left2straight,2.4,2.4
209,common,  xanim,xanim,corner_left_crouch_aimbehind2alert,17.3,17.3
210,common,  xanim,xanim,corner_left_crouch_alert2aimbehind,1.4,1.4
211,common,  xanim,xanim,corner_left_crouch_aimright2alert,14.5,14.5
212,common,  xanim,xanim,corner_left_crouch_alert2aimright,8.6,8.6
213,common,  xanim,xanim,corner_left_crouch_alert2aimleft,9.9,9.9
214,common,  xanim,xanim,corner_left_crouch_aimstraight2alert,11.5,11.5
215,common,  xanim,xanim,corner_left_crouch_alert2aimstraight,14.3,14.3
216,common,  xanim,xanim,corner_left_stand_alertlookidle,9.1,9.1
217,common,  xanim,xanim,corner_left_stand_look2alert,7.1,7.1
218,common,  xanim,xanim,corner_left_stand_alert2look,8.1,8.1
219,common,  xanim,xanim,corner_left_stand_behind2left,4.4,4.4
220,common,  xanim,xanim,corner_left_stand_left2behind,1.3,1.3
221,common,  xanim,xanim,corner_left_stand_right2straight,1.5,1.5
222,common,  xanim,xanim,corner_left_stand_straight2right,2.9,2.9
223,common,  xanim,xanim,corner_left_stand_straight2left,3.4,3.4
224,common,  xanim,xanim,corner_left_stand_left2straight,4.8,4.8
225,common,  xanim,xanim,corner_left_stand_alert2aimstraight,12.0,12.0
226,common,  xanim,xanim,corner_left_stand_aimstraight2alert,7.1,7.1
227,common,  xanim,xanim,corner_left_stand_alert2aimright,7.2,7.2
228,common,  xanim,xanim,corner_left_stand_aimright2alert,8.4,8.4
229,common,  xanim,xanim,corner_left_stand_alert2aimleft,8.7,8.7
230,common,  xanim,xanim,corner_left_stand_aimleft2alert,11.2,11.2
231,common,  xanim,xanim,corner_left_stand_alert2aimbehind,8.7,8.7
232,common,  xanim,xanim,corner_left_stand_aimbehind2alert,5.0,5.0
233,common,  xanim,xanim,corner_right_crouch_look2alert,6.8,6.8
234,common,  xanim,xanim,corner_right_crouch_alertlookidle,5.3,5.3
235,common,  xanim,xanim,corner_right_crouch_alert2look,3.0,3.0
236,common,  xanim,xanim,corner_right_crouch_behind2right,8.8,8.8
237,common,  xanim,xanim,corner_right_crouch_right2behind,4.6,4.6
238,common,  xanim,xanim,corner_right_crouch_right2straight,2.4,2.4
239,common,  xanim,xanim,corner_right_crouch_straight2right,1.5,1.5
240,common,  xanim,xanim,corner_right_crouch_straight2left,2.5,2.5
241,common,  xanim,xanim,corner_right_crouch_left2straight,5.9,5.9
242,common,  xanim,xanim,corner_right_crouch_aimbehind2alert,3.5,3.5
243,common,  xanim,xanim,corner_right_crouch_alert2aimbehind,1.4,1.4
244,common,  xanim,xanim,corner_right_crouch_aimright2alert,15.0,15.0
245,common,  xanim,xanim,corner_right_crouch_alert2aimright,10.0,10.0
246,common,  xanim,xanim,corner_right_crouch_aimleft2alert,15.5,15.5
247,common,  xanim,xanim,corner_right_crouch_alert2aimleft,8.7,8.7
248,common,  xanim,xanim,corner_right_crouch_aimstraight2alert,11.7,11.7
249,common,  xanim,xanim,corner_right_crouch_alert2aimstraight,14.4,14.4
250,common,  xanim,xanim,corner_right_stand_alertlookidle,9.3,9.3
251,common,  xanim,xanim,corner_right_stand_look2alert,7.0,7.0
252,common,  xanim,xanim,corner_right_stand_alert2look,7.9,7.9
253,common,  xanim,xanim,corner_right_stand_behind2right,5.3,5.3
254,common,  xanim,xanim,corner_right_stand_right2behind,5.4,5.4
255,common,  xanim,xanim,corner_right_stand_right2straight,4.9,4.9
256,common,  xanim,xanim,corner_right_stand_straight2right,3.5,3.5
257,common,  xanim,xanim,corner_right_stand_straight2left,2.9,2.9
258,common,  xanim,xanim,corner_right_stand_left2straight,1.5,1.5
259,common,  xanim,xanim,corner_right_stand_alert2aimstraight,13.4,13.4
260,common,  xanim,xanim,corner_right_stand_aimstraight2alert,7.1,7.1
261,common,  xanim,xanim,corner_right_stand_alert2aimright,8.6,8.6
262,common,  xanim,xanim,corner_right_stand_aimright2alert,11.3,11.3
263,common,  xanim,xanim,corner_right_stand_alert2aimleft,6.9,6.9
264,common,  xanim,xanim,corner_right_stand_aimleft2alert,8.4,8.4
265,common,  xanim,xanim,corner_right_stand_alert2aimbehind,8.2,8.2
266,common,  xanim,xanim,corner_right_stand_aimbehind2alert,7.1,7.1
267,common,  xanim,xanim,corner_right_stand_aim_45right,10.9,10.9
268,common,  xanim,xanim,corner_right_stand_aim_45left,17.7,17.7
269,common,  xanim,xanim,melee_1,43.2,43.2
270,common,  xanim,xanim,run_2_melee_charge,11.8,11.8
271,common,  xanim,xanim,stand_2_melee_1,10.5,10.5
272,common,  xanim,xanim,ladder_climbup,9.5,9.5
273,common,  xanim,xanim,ladder_climboff,13.5,13.5
274,common,  xanim,xanim,jump_down_56,12.6,12.6
275,common,  xanim,xanim,jump_down_96,12.7,12.7
276,common,  xanim,xanim,jump_over_low_wall,18.2,18.2
277,common,  xanim,xanim,jump_over_high_wall,24.5,24.5
278,common,  xanim,xanim,jump_across_72,12.8,12.8
279,common,  xanim,xanim,prone_painb_holdhead,23.7,23.7
280,common,  xanim,xanim,prone_paina_holdchest,32.3,32.3
281,common,  xanim,xanim,reload_prone_rifle,15.7,15.7
282,common,  xanim,xanim,prone2crouchrun_straight,22.9,22.9
283,common,  xanim,xanim,prone2crouch_straight,29.1,29.1
284,common,  xanim,xanim,stand2prone_onehand,21.6,21.6
285,common,  xanim,xanim,crouch2prone_gunsupport,14.7,14.7
286,common,  xanim,xanim,prone_turn_left,11.2,11.2
287,common,  xanim,xanim,prone_turn_right,11.7,11.7
288,common,  xanim,xanim,prone_aim2crawl,4.1,4.1
289,common,  xanim,xanim,prone_shoot_auto_straight,5.3,5.3
290,common,  xanim,xanim,prone_shoot_straight,5.9,5.9
291,common,  xanim,xanim,prone_shoot_right,4.8,4.8
292,common,  xanim,xanim,prone_shoot_auto_right,4.8,4.8
293,common,  xanim,xanim,prone_shoot_left,4.6,4.6
294,common,  xanim,xanim,prone_shoot_auto_left,5.0,5.0
295,common,  xanim,xanim,prone_aim_idle,1.3,1.3
296,common,  xanim,xanim,prone_crawl2aim,7.0,7.0
297,common,  xanim,xanim,prone_crawl,51.0,51.0
298,common,  xanim,xanim,reload_stand_rifle,15.1,15.1
299,common,  xanim,xanim,crouchrun2prone_right,24.9,24.9
300,common,  xanim,xanim,crouchrun2prone_left,26.3,26.3
301,common,  xanim,xanim,crouchrun2prone_straight,24.7,24.7
302,common,  xanim,xanim,crouch_shoot_run_right,7.5,7.5
303,common,  xanim,xanim,crouch_shoot_run_left,7.5,7.5
304,common,  xanim,xanim,crouch_shoot_run_back,7.2,7.2
305,common,  xanim,xanim,crouch_shoot_run_forward,7.0,7.0
306,common,  xanim,xanim,stand_shoot_run_right,8.1,8.1
307,common,  xanim,xanim,stand_shoot_run_left,6.8,6.8
308,common,  xanim,xanim,stand_shoot_run_back,8.6,8.6
309,common,  xanim,xanim,stand_shoot_run_forward,8.7,8.7
310,common,  xanim,xanim,patrolwalk_bounce,13.4,13.4
311,common,  xanim,xanim,patrolwalk_swagger,14.7,14.7
312,common,  xanim,xanim,patrolwalk_tired,15.6,15.6
313,common,  xanim,xanim,wounded_run_forward1,6.5,6.5
314,common,  xanim,xanim,precombatrun1,28.1,28.1
315,common,  xanim,xanim,pistol_crouch2crouchrun_forward,9.4,9.4
316,common,  xanim,xanim,crouch2crouchrun_right,11.2,11.2
317,common,  xanim,xanim,crouch2crouchrun_left,10.4,10.4
318,common,  xanim,xanim,crouch2crouchrun_back,10.8,10.8
319,common,  xanim,xanim,crouch2crouchrun_forward,9.6,9.6
320,common,  xanim,xanim,crouch2crouchwalk_straight,8.1,8.1
321,common,  xanim,xanim,stand2crouch_attack,11.5,11.5
322,common,  xanim,xanim,crouch_grenade_return_throw,21.3,21.3
323,common,  xanim,xanim,crouch_grenade_throw,33.9,33.9
324,common,  xanim,xanim,stand_grenade_return_throw,21.6,21.6
325,common,  xanim,xanim,stand_grenade_throw,38.9,38.9
326,common,  xanim,xanim,stand_alertb_shuffle_forward,7.7,7.7
327,common,  xanim,xanim,stand_alerta_shuffle_forward,7.7,7.7
328,common,  xanim,xanim,patrolstand_idle,3.9,3.9
329,common,  xanim,xanim,patrolstand_look,9.7,9.7
330,common,  xanim,xanim,patrolstand_twitch,19.1,19.1
331,common,  xanim,xanim,unarmed_crouch_twitch1,15.9,15.9
332,common,  xanim,xanim,unarmed_crouch_idle1,6.4,6.4
333,common,  xanim,xanim,crouch2stand,12.2,12.2
334,common,  xanim,xanim,pistol_crouchaimstraight2stand,10.1,10.1
335,common,  xanim,xanim,pistol_crouchaim_idle,2.9,2.9
336,common,  xanim,xanim,crouch_aim_down,5.0,5.0
337,common,  xanim,xanim,crouch_aim_up,3.7,3.7
338,common,  xanim,xanim,crouch_aim_straight,2.7,2.7
339,common,  xanim,xanim,pistol_standaim_idle,2.0,2.0
340,common,  xanim,xanim,stand_aim_down,5.3,5.3
341,common,  xanim,xanim,stand_aim_up,3.7,3.7
342,common,  xanim,xanim,stand_aim_straight,4.7,4.7
343,common,  xanim,xanim,crouch_shoot_auto_down,5.9,5.9
344,common,  xanim,xanim,crouch_shoot_auto_up,5.7,5.7
345,common,  xanim,xanim,crouch_shoot_auto_straight,5.8,5.8
346,common,  xanim,xanim,crouch_shoot_down,5.0,5.0
347,common,  xanim,xanim,crouch_shoot_up,4.4,4.4
348,common,  xanim,xanim,crouch_shoot_straight,4.7,4.7
349,common,  xanim,xanim,stand_shoot_auto_down,5.9,5.9
350,common,  xanim,xanim,stand_shoot_auto_up,6.0,6.0
351,common,  xanim,xanim,stand_shoot_auto_straight,5.6,5.6
352,common,  xanim,xanim,stand_shoot_down,5.0,5.0
353,common,  xanim,xanim,stand_shoot_up,5.2,5.2
354,common,  xanim,xanim,stand_shoot_straight,4.2,4.2
355,common,  xanim,xanim,dying_pistol_shoot_right2,5.8,5.8
356,common,  xanim,xanim,dying_pistol_shoot_right1,4.7,4.7
357,common,  xanim,xanim,dying_pistol_aim_right,3.2,3.2
358,common,  xanim,xanim,dying_pistol_shoot_left2,5.7,5.7
359,common,  xanim,xanim,dying_pistol_shoot_left1,4.6,4.6
360,common,  xanim,xanim,dying_pistol_aim_left,3.1,3.1
361,common,  xanim,xanim,dying_pistol_shoot_straight2,5.7,5.7
362,common,  xanim,xanim,dying_pistol_shoot_straight1,4.6,4.6
363,common,  xanim,xanim,dying_pistol_aim_straight,3.6,3.6
364,common,  xanim,xanim,dying_pistol_death,9.7,9.7
365,common,  xanim,xanim,wounded_crawl2bellycrawl,15.2,15.2
366,common,  xanim,xanim,wounded_bellycrawl_death,14.1,14.1
367,common,  xanim,xanim,wounded_bellycrawl_forward,17.2,17.2
368,common,  xanim,xanim,crawl_death_front,7.4,7.4
369,common,  xanim,xanim,combat_run_fast_pistol,9.6,9.6
370,common,  xanim,xanim,generic_talker_allies,12.4,12.4
371,common,  xanim,xanim,generic_talker_axis,12.4,12.4
372,common,  xanim,xanim,cornercrr_alert_idle,27.3,27.3
373,common,  xanim,xanim,cornercrr_alert_twitch_v1,23.8,23.8
374,common,  xanim,xanim,cornercrr_alert_twitch_v2,37.0,37.0
375,common,  xanim,xanim,cornercrr_alert_twitch_v3,35.4,35.4
376,common,  xanim,xanim,cornercrr_trans_alert_2_a,21.2,21.2
377,common,  xanim,xanim,cornercrr_trans_alert_2_b,27.7,27.7
378,common,  xanim,xanim,cornercrr_trans_a_2_alert,16.2,16.2
379,common,  xanim,xanim,cornercrr_trans_a_2_b,25.3,25.3
380,common,  xanim,xanim,cornercrr_trans_b_2_alert,30.3,30.3
381,common,  xanim,xanim,cornercrr_trans_b_2_a,23.6,23.6
382,common,  xanim,xanim,cornercrr_look_idle,6.7,6.7
383,common,  xanim,xanim,cornercrr_reloada,29.2,29.2
384,common,  xanim,xanim,cornercrr_reloadb,24.5,24.5
385,common,  xanim,xanim,cornercrr_reload_b_2_alert,34.5,34.5
386,common,  xanim,xanim,cornercrr_grenadea,48.1,48.1
387,common,  xanim,xanim,cornercrr_alert_2_look,13.8,13.8
388,common,  xanim,xanim,cornercrr_look_2_alert,14.8,14.8
389,common,  xanim,xanim,cornercrr_look_2_alert_fast,14.8,14.8
390,common,  xanim,xanim,cornercrr_alert_2_stand,25.6,25.6
391,common,  xanim,xanim,cornercrr_stand_2_alert,22.4,22.4
392,common,  xanim,xanim,corner_standr_trans_b_2_alert,22.4,22.4
393,common,  xanim,xanim,corner_standr_trans_b_2_alert_v2,22.8,22.8
394,common,  xanim,xanim,corner_standr_trans_b_2_alert_v3,21.0,21.0
395,common,  xanim,xanim,corner_standr_trans_b_2_a,18.3,18.3
396,common,  xanim,xanim,corner_standr_trans_b_2_a_v2,17.9,17.9
397,common,  xanim,xanim,corner_standr_trans_alert_2_b,19.6,19.6
398,common,  xanim,xanim,corner_standr_trans_alert_2_b_v2,15.8,15.8
399,common,  xanim,xanim,corner_standr_trans_alert_2_b_v3,20.5,20.5
400,common,  xanim,xanim,corner_standr_trans_alert_2_a,11.7,11.7
401,common,  xanim,xanim,corner_standr_trans_alert_2_a_v2,18.4,18.4
402,common,  xanim,xanim,corner_standr_trans_a_2_b,18.3,18.3
403,common,  xanim,xanim,corner_standr_trans_a_2_b_v2,19.2,19.2
404,common,  xanim,xanim,corner_standr_trans_a_2_alert,18.8,18.8
405,common,  xanim,xanim,corner_standr_trans_a_2_alert_v2,17.9,17.9
406,common,  xanim,xanim,corner_standr_reload_v2,9.2,9.2
407,common,  xanim,xanim,corner_standr_reload_v1,27.7,27.7
408,common,  xanim,xanim,corner_standr_reload_b_2_alert,41.8,41.8
409,common,  xanim,xanim,corner_standr_look,5.8,5.8
410,common,  xanim,xanim,corner_standr_grenade_b,53.9,53.9
411,common,  xanim,xanim,corner_standr_alert_idle,13.4,13.4
412,common,  xanim,xanim,corner_standr_look_idle,5.3,5.3
413,common,  xanim,xanim,corner_standr_look_2_alert_fast,24.9,24.9
414,common,  xanim,xanim,corner_standr_look_2_alert,18.5,18.5
415,common,  xanim,xanim,corner_standr_alert_2_look,14.2,14.2
416,common,  xanim,xanim,corner_standr_blindfire_v1,36.0,36.0
417,common,  xanim,xanim,corner_standr_blindfire_v2,34.2,34.2
418,common,  xanim,xanim,corner_standr_rambo_dive_v1,88.7,88.7
419,common,  xanim,xanim,corner_standr_rambo_dive_v2,71.1,71.1
420,common,  xanim,xanim,corner_standr_rambo_jam,66.8,66.8
421,common,  xanim,xanim,corner_standr_rambo_short,36.5,36.5
422,common,  xanim,xanim,corner_standr_rambo_med,68.2,68.2
423,common,  xanim,xanim,corner_standr_pain,22.5,22.5
424,common,  xanim,xanim,corner_standr_painb,24.7,24.7
425,common,  xanim,xanim,corner_standr_painc,24.7,24.7
426,common,  xanim,xanim,corner_standr_deatha,49.1,49.1
427,common,  xanim,xanim,corner_standr_deathb,43.6,43.6
428,common,  xanim,xanim,corner_standr_flinch,24.9,24.9
429,common,  xanim,xanim,corner_standr_flinchb,35.5,35.5
430,common,  xanim,xanim,cornercrl_look_fast,30.0,30.0
431,common,  xanim,xanim,cornercrl_alert_idle,5.4,5.4
432,common,  xanim,xanim,cornercrl_trans_alert_2_a,27.4,27.4
433,common,  xanim,xanim,cornercrl_trans_alert_2_b,28.7,28.7
434,common,  xanim,xanim,cornercrl_trans_a_2_alert,27.9,27.9
435,common,  xanim,xanim,cornercrl_trans_a_2_b,22.8,22.8
436,common,  xanim,xanim,cornercrl_trans_b_2_alert,26.3,26.3
437,common,  xanim,xanim,cornercrl_trans_b_2_a,21.2,21.2
438,common,  xanim,xanim,cornercrl_reloada,33.6,33.6
439,common,  xanim,xanim,cornercrl_reloadb,31.9,31.9
440,common,  xanim,xanim,cornercrl_grenadea,42.9,42.9
441,common,  xanim,xanim,cornercrl_grenadeb,61.0,61.0
442,common,  xanim,xanim,cornercrl_alert_2_stand,18.9,18.9
443,common,  xanim,xanim,cornercrl_stand_2_alert,18.1,18.1
444,common,  xanim,xanim,corner_standl_trans_b_2_alert,15.6,15.6
445,common,  xanim,xanim,corner_standl_trans_b_2_alert_v2,19.1,19.1
446,common,  xanim,xanim,corner_standl_trans_b_2_a,14.8,14.8
447,common,  xanim,xanim,corner_standl_trans_b_2_a_v2,16.6,16.6
448,common,  xanim,xanim,corner_standl_trans_alert_2_b,17.8,17.8
449,common,  xanim,xanim,corner_standl_trans_alert_2_b_v2,18.8,18.8
450,common,  xanim,xanim,corner_standl_trans_alert_2_a,14.8,14.8
451,common,  xanim,xanim,corner_standl_trans_alert_2_a_v2,14.0,14.0
452,common,  xanim,xanim,corner_standl_trans_alert_2_a_v3,15.6,15.6
453,common,  xanim,xanim,corner_standl_trans_a_2_b,16.5,16.5
454,common,  xanim,xanim,corner_standl_trans_a_2_b_v2,15.4,15.4
455,common,  xanim,xanim,corner_standl_trans_a_2_alert,14.4,14.4
456,common,  xanim,xanim,corner_standl_trans_a_2_alert_v2,16.4,16.4
457,common,  xanim,xanim,corner_standl_reload_v2,17.9,17.9
458,common,  xanim,xanim,corner_standl_reload_v1,28.0,28.0
459,common,  xanim,xanim,corner_standl_reload_b_2_alert,36.8,36.8
460,common,  xanim,xanim,corner_standl_look,15.4,15.4
461,common,  xanim,xanim,corner_standl_grenade_b,69.2,69.2
462,common,  xanim,xanim,corner_standl_alert_idle,8.7,8.7
463,common,  xanim,xanim,corner_standl_look_idle,3.3,3.3
464,common,  xanim,xanim,corner_standl_look_2_alert_fast_v1,26.8,26.8
465,common,  xanim,xanim,corner_standl_look_2_alert,11.8,11.8
466,common,  xanim,xanim,corner_standl_alert_2_look,14.0,14.0
467,common,  xanim,xanim,corner_standl_blindfire_v1,70.7,70.7
468,common,  xanim,xanim,corner_standl_blindfire_v2,71.5,71.5
469,common,  xanim,xanim,corner_standl_rambo_jam,79.0,79.0
470,common,  xanim,xanim,corner_standl_rambo_set,64.9,64.9
471,common,  xanim,xanim,corner_standl_pain,30.1,30.1
472,common,  xanim,xanim,corner_standl_painb,23.3,23.3
473,common,  xanim,xanim,corner_standl_painc,44.0,44.0
474,common,  xanim,xanim,corner_standl_paind,39.6,39.6
475,common,  xanim,xanim,corner_standl_paine,39.7,39.7
476,common,  xanim,xanim,corner_standl_deatha,34.0,34.0
477,common,  xanim,xanim,corner_standl_deathb,34.0,34.0
478,common,  xanim,xanim,corner_standl_flinch,28.6,28.6
479,common,  xanim,xanim,exposed_crouch_reload,35.4,35.4
480,common,  xanim,xanim,exposed_reload,29.6,29.6
481,common,  xanim,xanim,exposed_crouch_turn_right,25.2,25.2
482,common,  xanim,xanim,exposed_crouch_turn_left,23.8,23.8
483,common,  xanim,xanim,exposed_tracking_turn45r,14.0,14.0
484,common,  xanim,xanim,exposed_tracking_turn90r,11.4,11.4
485,common,  xanim,xanim,exposed_tracking_turn135r,12.4,12.4
486,common,  xanim,xanim,exposed_tracking_turn45l,10.4,10.4
487,common,  xanim,xanim,exposed_tracking_turn90l,12.8,12.8
488,common,  xanim,xanim,exposed_tracking_turn135l,13.7,13.7
489,common,  xanim,xanim,exposed_tracking_turn180l,16.0,16.0
490,common,  xanim,xanim,exposed_crouch_aim_8,1.3,1.3
491,common,  xanim,xanim,exposed_crouch_aim_2,1.4,1.4
492,common,  xanim,xanim,exposed_crouch_aim_6,1.3,1.3
493,common,  xanim,xanim,exposed_crouch_aim_4,1.3,1.3
494,common,  xanim,xanim,exposed_crouch_aim_5,1.7,1.7
495,common,  xanim,xanim,exposed_aim_5,1.7,1.7
496,common,  xanim,xanim,exposed_crouch_2_stand,22.9,22.9
497,common,  xanim,xanim,exposed_stand_2_crouch,22.9,22.9
498,common,  xanim,xanim,exposed_aim_8,1.3,1.3
499,common,  xanim,xanim,exposed_aim_2,1.3,1.3
500,common,  xanim,xanim,exposed_aim_6,1.2,1.2
501,common,  xanim,xanim,exposed_aim_4,1.3,1.3
502,common,  xanim,xanim,exposed_grenadethrowb,68.0,68.0
503,common,  xanim,xanim,exposed_shoot_burst6,7.9,7.9
504,common,  xanim,xanim,exposed_shoot_burst5,7.4,7.4
505,common,  xanim,xanim,exposed_shoot_burst4,7.1,7.1
506,common,  xanim,xanim,exposed_shoot_burst3,6.2,6.2
507,common,  xanim,xanim,exposed_idle_alert_v3,6.6,6.6
508,common,  xanim,xanim,exposed_idle_alert_v2,7.9,7.9
509,common,  xanim,xanim,exposed_turn_aim_8,1.3,1.3
510,common,  xanim,xanim,exposed_turn_aim_2,1.0,1.0
511,common,  xanim,xanim,exposed_turn_aim_6,1.0,1.0
512,common,  xanim,xanim,standunarmed_idle_loop,12.8,12.8
513,common,  xanim,xanim,corner_standl_grenade_a,105.7,105.7
514,common,  xanim,xanim,corner_standr_grenade_a,69.3,69.3
515,common,  xanim,xanim,exposed_grenadethrowc,55.9,55.9
516,common,  xanim,xanim,exposed_reloadb,52.3,52.3
517,common,  xanim,xanim,exposed_idle_alert_v1,9.0,9.0
518,common,  xanim,xanim,walk_backward,25.0,25.0
519,common,  xanim,xanim,walk_right,23.4,23.4
520,common,  xanim,xanim,walk_left,24.2,24.2
521,common,  xanim,xanim,exposed_shoot_auto_v2,7.3,7.3
522,common,  xanim,xanim,exposed_reloadc,48.4,48.4
523,common,  xanim,xanim,exposed_shoot_auto_v3,9.2,9.2
524,common,  xanim,xanim,corner_standr_trans_in_9,30.9,30.9
525,common,  xanim,xanim,corner_standr_trans_in_8,33.2,33.2
526,common,  xanim,xanim,corner_standr_trans_in_6,30.5,30.5
527,common,  xanim,xanim,corner_standr_trans_in_3,29.3,29.3
528,common,  xanim,xanim,corner_standr_trans_in_1,22.5,22.5
529,common,  xanim,xanim,corner_standr_trans_in_2,31.8,31.8
530,common,  xanim,xanim,corner_standr_trans_in_4,25.9,25.9
531,common,  xanim,xanim,corner_standl_trans_in_8,34.4,34.4
532,common,  xanim,xanim,corner_standl_trans_in_7,39.9,39.9
533,common,  xanim,xanim,corner_standl_trans_in_6,22.1,22.1
534,common,  xanim,xanim,corner_standl_trans_in_3,17.1,17.1
535,common,  xanim,xanim,corner_standl_trans_in_2,16.4,16.4
536,common,  xanim,xanim,corner_standl_trans_in_1,19.0,19.0
537,common,  xanim,xanim,corner_standl_trans_in_4,23.2,23.2
538,common,  xanim,xanim,corner_standr_trans_out_9,28.3,28.3
539,common,  xanim,xanim,corner_standr_trans_out_8,29.0,29.0
540,common,  xanim,xanim,corner_standr_trans_out_6,20.6,20.6
541,common,  xanim,xanim,corner_standr_trans_out_4,20.5,20.5
542,common,  xanim,xanim,corner_standr_trans_out_3,23.8,23.8
543,common,  xanim,xanim,corner_standr_trans_out_2,23.3,23.3
544,common,  xanim,xanim,corner_standr_trans_out_1,22.5,22.5
545,common,  xanim,xanim,corner_standl_trans_out_8,18.6,18.6
546,common,  xanim,xanim,corner_standl_trans_out_7,20.2,20.2
547,common,  xanim,xanim,corner_standl_trans_out_6,17.6,17.6
548,common,  xanim,xanim,corner_standl_trans_out_4,18.5,18.5
549,common,  xanim,xanim,corner_standl_trans_out_3,23.0,23.0
550,common,  xanim,xanim,corner_standl_trans_out_2,21.9,21.9
551,common,  xanim,xanim,corner_standl_trans_out_1,19.3,19.3
552,common,  xanim,xanim,cornercrr_trans_in_f,34.9,34.9
553,common,  xanim,xanim,cornercrr_trans_in_l,28.8,28.8
554,common,  xanim,xanim,cornercrr_trans_in_m,28.2,28.2
555,common,  xanim,xanim,cornercrr_trans_in_mf,28.9,28.9
556,common,  xanim,xanim,cornercrr_trans_in_ml,32.2,32.2
557,common,  xanim,xanim,cornercrr_trans_in_mr,30.6,30.6
558,common,  xanim,xanim,cornercrr_trans_in_r,30.5,30.5
559,common,  xanim,xanim,cornercrr_trans_out_f,30.8,30.8
560,common,  xanim,xanim,cornercrr_trans_out_l,33.1,33.1
561,common,  xanim,xanim,cornercrr_trans_out_m,29.2,29.2
562,common,  xanim,xanim,cornercrr_trans_out_mf,29.8,29.8
563,common,  xanim,xanim,cornercrr_trans_out_ml,34.9,34.9
564,common,  xanim,xanim,cornercrr_trans_out_mr,28.9,28.9
565,common,  xanim,xanim,cornercrr_trans_out_r,30.6,30.6
566,common,  xanim,xanim,cornercrl_trans_in_f,37.4,37.4
567,common,  xanim,xanim,cornercrl_trans_in_l,31.1,31.1
568,common,  xanim,xanim,cornercrl_trans_in_m,25.8,25.8
569,common,  xanim,xanim,cornercrl_trans_in_mf,29.6,29.6
570,common,  xanim,xanim,cornercrl_trans_in_ml,28.4,28.4
571,common,  xanim,xanim,cornercrl_trans_in_mr,28.1,28.1
572,common,  xanim,xanim,cornercrl_trans_in_r,27.5,27.5
573,common,  xanim,xanim,cornercrl_trans_out_f,31.8,31.8
574,common,  xanim,xanim,cornercrl_trans_out_l,22.3,22.3
575,common,  xanim,xanim,cornercrl_trans_out_m,22.8,22.8
576,common,  xanim,xanim,cornercrl_trans_out_mf,22.2,22.2
577,common,  xanim,xanim,cornercrl_trans_out_ml,22.7,22.7
578,common,  xanim,xanim,cornercrl_trans_out_mr,21.4,21.4
579,common,  xanim,xanim,cornercrl_trans_out_r,27.2,27.2
580,common,  xanim,xanim,corner_standr_alert_twitch07,25.2,25.2
581,common,  xanim,xanim,corner_standr_alert_twitch06,17.6,17.6
582,common,  xanim,xanim,corner_standr_alert_twitch05,19.4,19.4
583,common,  xanim,xanim,corner_standr_alert_twitch04,28.2,28.2
584,common,  xanim,xanim,corner_standr_alert_twitch03,21.0,21.0
585,common,  xanim,xanim,corner_standr_alert_twitch02,32.0,32.0
586,common,  xanim,xanim,corner_standr_alert_twitch01,21.8,21.8
587,common,  xanim,xanim,corner_standl_alert_twitch07,40.6,40.6
588,common,  xanim,xanim,corner_standl_alert_twitch06,35.0,35.0
589,common,  xanim,xanim,corner_standl_alert_twitch05,41.6,41.6
590,common,  xanim,xanim,corner_standl_alert_twitch04,40.5,40.5
591,common,  xanim,xanim,corner_standl_alert_twitch03,22.4,22.4
592,common,  xanim,xanim,corner_standl_alert_twitch02,30.6,30.6
593,common,  xanim,xanim,corner_standl_alert_twitch01,21.8,21.8
594,common,  xanim,xanim,clear_left,24.1,24.1
595,common,  xanim,xanim,door_kick_in,26.2,26.2
596,common,  xanim,xanim,stack_3_idle,3.4,3.4
597,common,  xanim,xanim,clear_left_idle,2.3,2.3
598,common,  xanim,xanim,windowclimb,33.4,33.4
599,common,  xanim,xanim,exposed_shoot_semi5,15.6,15.6
600,common,  xanim,xanim,exposed_shoot_semi4,11.6,11.6
601,common,  xanim,xanim,exposed_shoot_semi3,14.5,14.5
602,common,  xanim,xanim,exposed_shoot_semi2,6.6,6.6
603,common,  xanim,xanim,exposed_shoot_semi1,7.4,7.4
604,common,  xanim,xanim,traverse_wallhop,20.0,20.0
605,common,  xanim,xanim,traverse_wallhop_3,17.9,17.9
606,common,  xanim,xanim,ladder_climbdown,9.5,9.5
607,common,  xanim,xanim,ladder_climbon,13.7,13.7
608,common,  xanim,xanim,exposed_crouch_shoot_semi5,20.5,20.5
609,common,  xanim,xanim,exposed_crouch_shoot_semi4,21.6,21.6
610,common,  xanim,xanim,exposed_crouch_shoot_semi3,16.9,16.9
611,common,  xanim,xanim,exposed_crouch_shoot_semi2,12.6,12.6
612,common,  xanim,xanim,exposed_crouch_shoot_semi1,9.6,9.6
613,common,  xanim,xanim,exposed_crouch_shoot_burst6,20.7,20.7
614,common,  xanim,xanim,exposed_crouch_shoot_burst5,17.1,17.1
615,common,  xanim,xanim,exposed_crouch_shoot_burst4,22.5,22.5
616,common,  xanim,xanim,exposed_crouch_shoot_burst3,18.3,18.3
617,common,  xanim,xanim,exposed_crouch_shoot_auto_v2,12.4,12.4
618,common,  xanim,xanim,exposed_crouch_idle_alert_v3,33.7,33.7
619,common,  xanim,xanim,exposed_crouch_idle_alert_v2,36.6,36.6
620,common,  xanim,xanim,exposed_crouch_idle_alert_v1,33.7,33.7
621,common,  xanim,xanim,exposed_crouch_turn_aim_8,1.1,1.1
622,common,  xanim,xanim,exposed_crouch_turn_aim_2,1.0,1.0
623,common,  xanim,xanim,exposed_crouch_turn_aim_6,1.0,1.0
624,common,  xanim,xanim,exposed_crouch_turn_aim_4,1.0,1.0
625,common,  xanim,xanim,exposed_flashbang_v1,62.4,62.4
626,common,  xanim,xanim,exposed_flashbang_v2,86.2,86.2
627,common,  xanim,xanim,exposed_flashbang_v3,86.6,86.6
628,common,  xanim,xanim,exposed_flashbang_v4,71.8,71.8
629,common,  xanim,xanim,exposed_flashbang_v5,152.1,152.1
630,common,  xanim,xanim,covercrouch_hide_idle,10.7,10.7
631,common,  xanim,xanim,covercrouch_twitch_1,32.5,32.5
632,common,  xanim,xanim,covercrouch_twitch_2,29.3,29.3
633,common,  xanim,xanim,covercrouch_twitch_3,17.8,17.8
634,common,  xanim,xanim,covercrouch_twitch_4,18.5,18.5
635,common,  xanim,xanim,covercrouch_hide_2_aim,13.5,13.5
636,common,  xanim,xanim,covercrouch_aim5,1.7,1.7
637,common,  xanim,xanim,covercrouch_aim2_add,1.2,1.2
638,common,  xanim,xanim,covercrouch_aim4_add,1.0,1.0
639,common,  xanim,xanim,covercrouch_aim6_add,1.1,1.1
640,common,  xanim,xanim,covercrouch_aim8_add,1.1,1.1
641,common,  xanim,xanim,covercrouch_aim_2_hide,11.4,11.4
642,common,  xanim,xanim,covercrouch_stand_2_hide,18.2,18.2
643,common,  xanim,xanim,covercrouch_lean_2_hide,16.1,16.1
644,common,  xanim,xanim,covercrouch_run_in_l,20.9,20.9
645,common,  xanim,xanim,covercrouch_run_in_ml,18.4,18.4
646,common,  xanim,xanim,covercrouch_run_in_m,23.5,23.5
647,common,  xanim,xanim,covercrouch_run_in_mr,21.9,21.9
648,common,  xanim,xanim,covercrouch_run_in_r,20.4,20.4
649,common,  xanim,xanim,covercrouch_run_out_l,28.5,28.5
650,common,  xanim,xanim,covercrouch_run_out_ml,22.3,22.3
651,common,  xanim,xanim,covercrouch_run_out_m,21.9,21.9
652,common,  xanim,xanim,covercrouch_run_out_mr,20.1,20.1
653,common,  xanim,xanim,covercrouch_run_out_r,21.4,21.4
654,common,  xanim,xanim,covercrouch_reload_hide,35.9,35.9
655,common,  xanim,xanim,covercrouch_grenadea,52.1,52.1
656,common,  xanim,xanim,covercrouch_grenadeb,52.1,52.1
657,common,  xanim,xanim,covercrouch_hide_2_stand,19.8,19.8
658,common,  xanim,xanim,coverstand_hide_idle,17.8,17.8
659,common,  xanim,xanim,coverstand_hide_idle_twitch01,37.6,37.6
660,common,  xanim,xanim,coverstand_hide_idle_twitch02,41.6,41.6
661,common,  xanim,xanim,coverstand_hide_idle_twitch03,25.5,25.5
662,common,  xanim,xanim,coverstand_hide_idle_twitch04,74.6,74.6
663,common,  xanim,xanim,coverstand_hide_idle_twitch05,35.3,35.3
664,common,  xanim,xanim,coverstand_look_moveup,9.1,9.1
665,common,  xanim,xanim,coverstand_look_idle,15.1,15.1
666,common,  xanim,xanim,coverstand_look_movedown,11.1,11.1
667,common,  xanim,xanim,coverstand_look_quick,17.5,17.5
668,common,  xanim,xanim,coverstand_look_quick_v2,14.6,14.6
669,common,  xanim,xanim,coverstand_hide_2_aim,16.3,16.3
670,common,  xanim,xanim,coverstand_aim_2_hide,14.6,14.6
671,common,  xanim,xanim,coverstand_grenadea,61.1,61.1
672,common,  xanim,xanim,coverstand_grenadeb,64.6,64.6
673,common,  xanim,xanim,coverstand_reloada,67.4,67.4
674,common,  xanim,xanim,coverstand_death_left,47.6,47.6
675,common,  xanim,xanim,coverstand_death_right,48.5,48.5
676,common,  xanim,xanim,coverstand_hide_idle_wave01,36.3,36.3
677,common,  xanim,xanim,coverstand_hide_idle_wave02,31.9,31.9
678,common,  xanim,xanim,coverstand_pain_groin,47.5,47.5
679,common,  xanim,xanim,coverstand_pain_leg,47.8,47.8
680,common,  xanim,xanim,coverstand_react01,44.8,44.8
681,common,  xanim,xanim,coverstand_react02,39.4,39.4
682,common,  xanim,xanim,coverstand_react03,43.1,43.1
683,common,  xanim,xanim,coverstand_react04,40.6,40.6
684,common,  xanim,xanim,walk_aim_8,1.0,1.0
685,common,  xanim,xanim,covercrouch_lean_aim5,1.7,1.7
686,common,  xanim,xanim,covercrouch_hide_2_lean,16.9,16.9
687,common,  xanim,xanim,coverstand_look_movedown_fast,10.7,10.7
688,common,  xanim,xanim,coverstand_blindfire_1,39.3,39.3
689,common,  xanim,xanim,coverstand_blindfire_2,28.7,28.7
690,common,  xanim,xanim,coverstand_trans_in_r,28.4,28.4
691,common,  xanim,xanim,coverstand_trans_in_l,25.6,25.6
692,common,  xanim,xanim,coverstand_trans_in_m,28.2,28.2
693,common,  xanim,xanim,coverstand_trans_in_ml,26.9,26.9
694,common,  xanim,xanim,coverstand_trans_in_mr,32.3,32.3
695,common,  xanim,xanim,coverstand_trans_out_l,24.8,24.8
696,common,  xanim,xanim,coverstand_trans_out_m,18.0,18.0
697,common,  xanim,xanim,coverstand_trans_out_ml,17.0,17.0
698,common,  xanim,xanim,coverstand_trans_out_mr,23.7,23.7
699,common,  xanim,xanim,coverstand_trans_out_r,16.6,16.6
700,common,  xanim,xanim,traverse40,31.0,31.0
701,common,  xanim,xanim,traverse40_2_cover,35.7,35.7
702,common,  xanim,xanim,traverse40_death_start,29.2,29.2
703,common,  xanim,xanim,traverse40_death_start_2,32.1,32.1
704,common,  xanim,xanim,traverse40_death_end,34.4,34.4
705,common,  xanim,xanim,traverse40_death_end_2,32.4,32.4
706,common,  xanim,xanim,slide_across_car,28.9,28.9
707,common,  xanim,xanim,slide_across_car_2_cover,36.2,36.2
708,common,  xanim,xanim,slide_across_car_death,31.6,31.6
709,common,  xanim,xanim,traverse90,107.9,107.9
710,common,  xanim,xanim,traverse90_in_m,15.3,15.3
711,common,  xanim,xanim,traverse90_in_ml,20.8,20.8
712,common,  xanim,xanim,traverse90_in_mr,19.1,19.1
713,common,  xanim,xanim,traverse90_start_death,26.2,26.2
714,common,  xanim,xanim,traverse90_end_death,41.3,41.3
715,common,  xanim,xanim,pistol_stand_aim_2_add,1.3,1.3
716,common,  xanim,xanim,pistol_stand_aim_4_add,1.3,1.3
717,common,  xanim,xanim,pistol_stand_aim_5,1.7,1.7
718,common,  xanim,xanim,pistol_stand_aim_6_add,1.3,1.3
719,common,  xanim,xanim,pistol_stand_aim_8_add,1.3,1.3
720,common,  xanim,xanim,pistol_stand_fire_a,8.5,8.5
721,common,  xanim,xanim,pistol_stand_reload_a,26.6,26.6
722,common,  xanim,xanim,pistol_stand_pullout,24.7,24.7
723,common,  xanim,xanim,pistol_stand_switch,25.2,25.2
724,common,  xanim,xanim,cqb_stand_twitch,11.4,11.4
725,common,  xanim,xanim,cqb_stand_idle,11.3,11.3
726,common,  xanim,xanim,covercrouch_blindfire_4,48.9,48.9
727,common,  xanim,xanim,covercrouch_blindfire_3,33.4,33.4
728,common,  xanim,xanim,covercrouch_blindfire_2,39.1,39.1
729,common,  xanim,xanim,covercrouch_blindfire_1,35.0,35.0
730,common,  xanim,xanim,covercrouch_hide_look,23.1,23.1
731,common,  xanim,xanim,rpg_stand_aim_2,1.1,1.1
732,common,  xanim,xanim,rpg_stand_aim_4,1.1,1.1
733,common,  xanim,xanim,pistol_stand_turn45r,10.1,10.1
734,common,  xanim,xanim,pistol_stand_turn45l,12.2,12.2
735,common,  xanim,xanim,pistol_stand_turn90r,13.7,13.7
736,common,  xanim,xanim,pistol_stand_turn90l,14.9,14.9
737,common,  xanim,xanim,pistol_stand_turn180l,19.4,19.4
738,common,  xanim,xanim,rpg_stand_aim_5,1.7,1.7
739,common,  xanim,xanim,rpg_stand_aim_6,1.1,1.1
740,common,  xanim,xanim,rpg_stand_aim_8,1.1,1.1
741,common,  xanim,xanim,rpg_crouch_aim_4,1.0,1.0
742,common,  xanim,xanim,rpg_crouch_aim_5,1.8,1.8
743,common,  xanim,xanim,rpg_crouch_aim_6,1.0,1.0
744,common,  xanim,xanim,rpg_stand_death,36.9,36.9
745,common,  xanim,xanim,rpg_stand_death_stagger,45.2,45.2
746,common,  xanim,xanim,rpg_conceal_idle,99.6,99.6
747,common,  xanim,xanim,rpg_conceal_2_standr,24.0,24.0
748,common,  xanim,xanim,rpg_standr_2_conceal,29.9,29.9
749,common,  xanim,xanim,rpg_stand_fire,11.0,11.0
750,common,  xanim,xanim,rpg_stand_idle,11.3,11.3
751,common,  xanim,xanim,rpg_stand_reload,68.0,68.0
752,common,  xanim,xanim,rpg_crouch_idle,4.4,4.4
753,common,  xanim,xanim,rpg_crouch_fire,8.6,8.6
754,common,  xanim,xanim,rpg_crouch_reload,59.4,59.4
755,common,  xanim,xanim,rpg_stand_throw,44.0,44.0
756,common,  xanim,xanim,rpg_crouch_throw,44.5,44.5
757,common,  xanim,xanim,run_cqb_f_search_v1,24.7,24.7
758,common,  xanim,xanim,run_cqb_f_search_v2,23.9,23.9
759,common,  xanim,xanim,walk_cqb_f,25.6,25.6
760,common,  xanim,xanim,run_lowready_f,28.1,28.1
761,common,  xanim,xanim,run_lowready_l,27.3,27.3
762,common,  xanim,xanim,run_lowready_r,26.4,26.4
763,common,  xanim,xanim,run_lowready_b,23.6,23.6
764,common,  xanim,xanim,walk_lowready_f,29.1,29.1
765,common,  xanim,xanim,walk_lowready_l,28.8,28.8
766,common,  xanim,xanim,walk_lowready_r,24.2,24.2
767,common,  xanim,xanim,walk_lowready_b,26.7,26.7
768,common,  xanim,xanim,crouch_fastwalk_f,27.2,27.2
769,common,  xanim,xanim,crouch_fastwalk_l,24.8,24.8
770,common,  xanim,xanim,crouch_fastwalk_r,31.6,31.6
771,common,  xanim,xanim,crouch_fastwalk_b,25.3,25.3
772,common,  xanim,xanim,exposed_crouch_pain_chest,20.5,20.5
773,common,  xanim,xanim,exposed_crouch_pain_flinch,18.6,18.6
774,common,  xanim,xanim,exposed_crouch_pain_headsnap,16.5,16.5
775,common,  xanim,xanim,exposed_crouch_pain_left_arm,19.8,19.8
776,common,  xanim,xanim,exposed_crouch_pain_right_arm,24.5,24.5
777,common,  xanim,xanim,exposed_pain_2_crouch,46.2,46.2
778,common,  xanim,xanim,exposed_pain_back,24.4,24.4
779,common,  xanim,xanim,exposed_pain_dropgun,39.4,39.4
780,common,  xanim,xanim,exposed_pain_groin,35.1,35.1
781,common,  xanim,xanim,exposed_pain_left_arm,38.8,38.8
782,common,  xanim,xanim,exposed_pain_leg,35.3,35.3
783,common,  xanim,xanim,exposed_pain_right_arm,40.0,40.0
784,common,  xanim,xanim,pistol_stand_pain_chest,19.2,19.2
785,common,  xanim,xanim,pistol_stand_pain_groin,23.2,23.2
786,common,  xanim,xanim,pistol_stand_pain_head,20.3,20.3
787,common,  xanim,xanim,pistol_stand_pain_leftshoulder,18.7,18.7
788,common,  xanim,xanim,pistol_stand_pain_rightshoulder,20.2,20.2
789,common,  xanim,xanim,run_pain_fallonknee,41.2,41.2
790,common,  xanim,xanim,run_pain_fallonknee_02,42.0,42.0
791,common,  xanim,xanim,run_pain_fallonknee_03,48.0,48.0
792,common,  xanim,xanim,run_pain_stomach,37.3,37.3
793,common,  xanim,xanim,run_pain_stumble,33.3,33.3
794,common,  xanim,xanim,shotgun_cqbrun_pullout,31.1,31.1
795,common,  xanim,xanim,shotgun_cqbrun_putaway,30.5,30.5
796,common,  xanim,xanim,shotgun_crouch_fire,5.6,5.6
797,common,  xanim,xanim,shotgun_crouch_reload,20.8,20.8
798,common,  xanim,xanim,shotgun_stand_fire_1a,8.5,8.5
799,common,  xanim,xanim,shotgun_stand_fire_1b,8.5,8.5
800,common,  xanim,xanim,shotgun_stand_reload_a,68.0,68.0
801,common,  xanim,xanim,shotgun_stand_reload_b,78.7,78.7
802,common,  xanim,xanim,shotgun_stand_reload_c,63.3,63.3
803,common,  xanim,xanim,shotgun_aim_2,1.0,1.0
804,common,  xanim,xanim,shotgun_aim_5,1.7,1.7
805,common,  xanim,xanim,cornerstndl_lean_2_alert,14.2,14.2
806,common,  xanim,xanim,cornerstndl_alert_2_lean,18.4,18.4
807,common,  xanim,xanim,cornerstndl_lean_aim_4,1.3,1.3
808,common,  xanim,xanim,cornerstndl_lean_aim_5,1.7,1.7
809,common,  xanim,xanim,cornerstndl_lean_fire,7.9,7.9
810,common,  xanim,xanim,cornerstndl_lean_auto,7.7,7.7
811,common,  xanim,xanim,cornerstndl_lean_reload,25.2,25.2
812,common,  xanim,xanim,cornerstndl_lean_idle,11.4,11.4
813,common,  xanim,xanim,cornerstndr_alert_2_lean,13.1,13.1
814,common,  xanim,xanim,cornerstndr_lean_2_alert,16.4,16.4
815,common,  xanim,xanim,cornerstndr_lean_aim_2,1.3,1.3
816,common,  xanim,xanim,cornerstndr_lean_aim_5,1.7,1.7
817,common,  xanim,xanim,cornerstndr_lean_aim_6,1.3,1.3
818,common,  xanim,xanim,cornerstndr_lean_aim_8,1.3,1.3
819,common,  xanim,xanim,cornerstndr_lean_fire,4.5,4.5
820,common,  xanim,xanim,cornerstndr_lean_auto,5.6,5.6
821,common,  xanim,xanim,cornerstndr_lean_reload,26.2,26.2
822,common,  xanim,xanim,cornerstndr_lean_idle,11.0,11.0
823,common,  xanim,xanim,exposed_death,21.4,21.4
824,common,  xanim,xanim,exposed_death_02,23.7,23.7
825,common,  xanim,xanim,exposed_death_falltoknees_02,22.9,22.9
826,common,  xanim,xanim,exposed_death_firing,32.9,32.9
827,common,  xanim,xanim,exposed_death_firing_02,32.8,32.8
828,common,  xanim,xanim,exposed_death_nerve,28.0,28.0
829,common,  xanim,xanim,exposed_death_twist,30.6,30.6
830,common,  xanim,xanim,exposed_death_headshot,32.4,32.4
831,common,  xanim,xanim,exposed_death_neckgrab,56.5,56.5
832,common,  xanim,xanim,exposed_death_falltoknees,33.7,33.7
833,common,  xanim,xanim,exposed_death_headtwist,28.4,28.4
834,common,  xanim,xanim,exposed_death_groin,45.0,45.0
835,common,  xanim,xanim,pistol_death_1,50.3,50.3
836,common,  xanim,xanim,pistol_death_2,46.9,46.9
837,common,  xanim,xanim,pistol_death_3,29.7,29.7
838,common,  xanim,xanim,pistol_death_4,61.9,61.9
839,common,  xanim,xanim,covercrouch_death_1,31.4,31.4
840,common,  xanim,xanim,covercrouch_death_2,31.2,31.2
841,common,  xanim,xanim,covercrouch_death_3,27.3,27.3
842,common,  xanim,xanim,exposed_crouch_death_fetal,27.6,27.6
843,common,  xanim,xanim,exposed_crouch_death_flip,33.7,33.7
844,common,  xanim,xanim,exposed_crouch_death_twist,34.1,34.1
845,common,  xanim,xanim,run_death_facedown,28.2,28.2
846,common,  xanim,xanim,run_death_fallonback,29.1,29.1
847,common,  xanim,xanim,run_death_fallonback_02,28.1,28.1
848,common,  xanim,xanim,run_death_roll,36.8,36.8
849,common,  xanim,xanim,run_n_gun_f,22.6,22.6
850,common,  xanim,xanim,run_n_gun_l,22.4,22.4
851,common,  xanim,xanim,run_n_gun_r,22.6,22.6
852,common,  xanim,xanim,run_n_gun_b,21.7,21.7
853,common,  xanim,xanim,run_2_stand_f_6,14.5,14.5
854,common,  xanim,xanim,run_2_stand_90l,13.3,13.3
855,common,  xanim,xanim,run_2_stand_90r,12.9,12.9
856,common,  xanim,xanim,run_2_stand_180l,15.6,15.6
857,common,  xanim,xanim,stand_2_run_l,20.6,20.6
858,common,  xanim,xanim,stand_2_run_r,16.3,16.3
859,common,  xanim,xanim,stand_2_run_f_2,17.3,17.3
860,common,  xanim,xanim,stand_2_run_180_med,21.6,21.6
861,common,  xanim,xanim,run_2_crouch_f,23.6,23.6
862,common,  xanim,xanim,run_2_crouch_90l,26.4,26.4
863,common,  xanim,xanim,run_2_crouch_90r,24.9,24.9
864,common,  xanim,xanim,run_2_crouch_180l,21.7,21.7
865,common,  xanim,xanim,crouch_2run_l,30.8,30.8
866,common,  xanim,xanim,crouch_2run_r,32.0,32.0
867,common,  xanim,xanim,crouch_2run_f,26.3,26.3
868,common,  xanim,xanim,crouch_2run_180,31.1,31.1
869,common,  xanim,xanim,dying_stand_2_crawl_v1,43.3,43.3
870,common,  xanim,xanim,dying_stand_2_crawl_v2,67.2,67.2
871,common,  xanim,xanim,dying_stand_2_crawl_v3,52.5,52.5
872,common,  xanim,xanim,dying_crouch_2_crawl,61.3,61.3
873,common,  xanim,xanim,dying_crawl,21.3,21.3
874,common,  xanim,xanim,dying_crawl_death_v1,42.7,42.7
875,common,  xanim,xanim,dying_crawl_death_v2,49.5,49.5
876,common,  xanim,xanim,dying_crawl_2_back,31.6,31.6
877,common,  xanim,xanim,dying_stand_2_back_v1,77.5,77.5
878,common,  xanim,xanim,dying_stand_2_back_v2,172.8,172.8
879,common,  xanim,xanim,dying_stand_2_back_v3,79.1,79.1
880,common,  xanim,xanim,dying_crouch_2_back,73.6,73.6
881,common,  xanim,xanim,dying_back_idle,14.9,14.9
882,common,  xanim,xanim,dying_back_fire,17.9,17.9
883,common,  xanim,xanim,dying_crawl_back,56.9,56.9
884,common,  xanim,xanim,dying_back_death_v1,36.4,36.4
885,common,  xanim,xanim,dying_back_death_v2,40.0,40.0
886,common,  xanim,xanim,dying_back_death_v3,44.2,44.2
887,common,  xanim,xanim,dying_back_death_v4,42.3,42.3
888,common,  xanim,xanim,dying_back_twitch_a,26.2,26.2
889,common,  xanim,xanim,dying_back_twitch_b,27.2,27.2
890,common,  xanim,xanim,saw_gunner_run_fast,23.0,23.0
891,common,  xanim,xanim,saw_gunner_run_slow,27.0,27.0
892,common,  xanim,xanim,saw_gunner_idle,6.0,6.0
893,common,  xanim,xanim,saw_gunner_lowwall_idle,6.1,6.1
894,common,  xanim,xanim,saw_gunner_prone_idle,8.1,8.1
895,common,  xanim,xanim,saw_gunner_firing_add,9.4,9.4
896,common,  xanim,xanim,saw_gunner_lowwall_firing,9.2,9.2
897,common,  xanim,xanim,saw_gunner_prone_firing,9.7,9.7
898,common,  xanim,xanim,run_lowready_reload,32.1,32.1
899,common,  xanim,xanim,cqb_stand_aim4,1.0,1.0
900,common,  xanim,xanim,cqb_stand_aim5,1.7,1.7
901,common,  xanim,xanim,cqb_stand_aim6,1.0,1.0
902,common,  xanim,xanim,cqb_stand_reload_knee,39.7,39.7
903,common,  xanim,xanim,cqb_stand_reload_steady,27.9,27.9
904,common,  xanim,xanim,corner_standr_death_grenade_slump,19.3,19.3
905,common,  xanim,xanim,corner_standr_death_grenade_idle,43.1,43.1
906,common,  xanim,xanim,corner_standr_death_grenade_hit,65.8,65.8
907,common,  xanim,xanim,corner_standr_death_grenade_explode,30.0,30.0
908,common,  xanim,xanim,prone_aim_5,1.7,1.7
909,common,  xanim,xanim,prone_aim_8_add,1.2,1.2
910,common,  xanim,xanim,prone_aim_6_add,1.3,1.3
911,common,  xanim,xanim,prone_aim_2_add,1.3,1.3
912,common,  xanim,xanim,prone_aim_4_add,1.3,1.3
913,common,  xanim,xanim,prone_grenade_a,56.3,56.3
914,common,  xanim,xanim,prone_fire_1,5.2,5.2
915,common,  xanim,xanim,prone_fire_2,4.4,4.4
916,common,  xanim,xanim,prone_fire_burst,10.5,10.5
917,common,  xanim,xanim,prone_idle,18.6,18.6
918,common,  xanim,xanim,prone_melee,27.0,27.0
919,common,  xanim,xanim,prone_reaction_a,28.2,28.2
920,common,  xanim,xanim,prone_reaction_b,27.1,27.1
921,common,  xanim,xanim,prone_reload,42.6,42.6
922,common,  xanim,xanim,prone_twitch_ammocheck,36.4,36.4
923,common,  xanim,xanim,prone_twitch_ammocheck2,24.2,24.2
924,common,  xanim,xanim,prone_twitch_look,15.4,15.4
925,common,  xanim,xanim,prone_twitch_lookfast,12.2,12.2
926,common,  xanim,xanim,prone_twitch_lookup,9.6,9.6
927,common,  xanim,xanim,prone_twitch_scan,12.3,12.3
928,common,  xanim,xanim,prone_twitch_scan2,31.5,31.5
929,common,  xanim,xanim,stand_2_prone,38.4,38.4
930,common,  xanim,xanim,stand_2_prone_nodelta,24.1,24.1
931,common,  xanim,xanim,stand_2_prone_firing,58.7,58.7
932,common,  xanim,xanim,crouch_2_prone,31.4,31.4
933,common,  xanim,xanim,crouch_2_prone_firing,31.4,31.4
934,common,  xanim,xanim,prone_2_stand,27.7,27.7
935,common,  xanim,xanim,prone_2_stand_nodelta,27.9,27.9
936,common,  xanim,xanim,prone_2_stand_firing,67.1,67.1
937,common,  xanim,xanim,prone_2_crouch,44.8,44.8
938,common,  xanim,xanim,prone_2_crouch_firing,44.8,44.8
939,common,  xanim,xanim,coverstand_mini_approach_1,11.3,11.3
940,common,  xanim,xanim,coverstand_mini_approach_2,14.7,14.7
941,common,  xanim,xanim,coverstand_mini_approach_3,17.2,17.2
942,common,  xanim,xanim,coverstand_mini_approach_4,17.1,17.1
943,common,  xanim,xanim,coverstand_mini_approach_6,17.0,17.0
944,common,  xanim,xanim,traverse_window_m_2_run,35.8,35.8
945,common,  xanim,xanim,traverse_window_m_2_stop,33.5,33.5
946,common,  xanim,xanim,traverse_window_death_start,37.6,37.6
947,common,  xanim,xanim,traverse_window_death_end,43.5,43.5
948,common,  xanim,xanim,traverse_stepup_52,39.0,39.0
949,common,  xanim,xanim,traverse_jumpdown_40,20.4,20.4
950,common,  xanim,xanim,traverse_jumpdown_56,20.0,20.0
951,common,  xanim,xanim,traverse_jumpdown_96,20.3,20.3
952,common,  xanim,xanim,casual_stand_idle,9.7,9.7
953,common,  xanim,xanim,casual_stand_idle_trans_in,15.3,15.3
954,common,  xanim,xanim,casual_stand_idle_twitch,13.7,13.7
955,common,  xanim,xanim,casual_stand_idle_twitchb,24.3,24.3
956,common,  xanim,xanim,casual_stand_v2_idle,8.6,8.6
957,common,  xanim,xanim,casual_stand_v2_twitch_radio,34.2,34.2
958,common,  xanim,xanim,casual_stand_v2_twitch_shift,25.3,25.3
959,common,  xanim,xanim,casual_stand_v2_twitch_talk,13.5,13.5
960,common,  xanim,xanim,casual_crouch_idle,22.9,22.9
961,common,  xanim,xanim,casual_crouch_idle_in,63.0,63.0
962,common,  xanim,xanim,casual_crouch_twitch,19.3,19.3
963,common,  xanim,xanim,casual_crouch_point,50.6,50.6
964,common,  xanim,xanim,grenade_return_running_kick_forward_1,27.3,27.3
965,common,  xanim,xanim,grenade_return_running_kick_forward_2,33.0,33.0
966,common,  xanim,xanim,grenade_return_running_throw_forward,31.4,31.4
967,common,  xanim,xanim,grenade_return_standing_throw_forward_1,30.7,30.7
968,common,  xanim,xanim,grenade_return_standing_throw_forward_2,28.5,28.5
969,common,  xanim,xanim,grenade_return_standing_throw_overhand_forward,43.9,43.9
970,common,  xanim,xanim,exposed_dive_grenade_f,57.2,57.2
971,common,  xanim,xanim,exposed_dive_grenade_b,51.8,51.8
972,common,  xanim,xanim,exposed_squat_down_grenade_f,17.5,17.5
973,common,  xanim,xanim,exposed_squat_idle_grenade_f,6.7,6.7
974,common,  xanim,xanim,exposed_squat_up_grenade_f,20.9,20.9
975,common,  xanim,xanim,bog_melee_r_attack,124.0,124.0
976,common,  xanim,xanim,bog_melee_r_defend,99.7,99.7
977,common,  xanim,xanim,traverse_stair_run,9.4,9.4
978,common,  xanim,xanim,death_explosion_stand_b_v1,20.6,20.6
979,common,  xanim,xanim,death_explosion_stand_b_v2,22.5,22.5
980,common,  xanim,xanim,death_explosion_stand_b_v3,15.7,15.7
981,common,  xanim,xanim,death_explosion_stand_f_v1,15.2,15.2
982,common,  xanim,xanim,death_explosion_stand_f_v2,17.2,17.2
983,common,  xanim,xanim,death_explosion_stand_f_v3,26.6,26.6
984,common,  xanim,xanim,death_explosion_stand_f_v4,18.7,18.7
985,common,  xanim,xanim,death_explosion_stand_l_v1,24.4,24.4
986,common,  xanim,xanim,death_explosion_stand_l_v2,15.6,15.6
987,common,  xanim,xanim,death_explosion_stand_r_v1,17.3,17.3
988,common,  xanim,xanim,death_explosion_stand_r_v2,16.0,16.0
989,common,  xanim,xanim,death_explosion_run_l_v2,24.4,24.4
990,common,  xanim,xanim,death_explosion_run_l_v1,19.3,19.3
991,common,  xanim,xanim,death_explosion_run_r_v2,16.0,16.0
992,common,  xanim,xanim,death_explosion_run_r_v1,17.3,17.3
993,common,  xanim,xanim,death_explosion_run_b_v2,17.3,17.3
994,common,  xanim,xanim,death_explosion_run_b_v1,20.6,20.6
995,common,  xanim,xanim,death_explosion_run_f_v4,19.4,19.4
996,common,  xanim,xanim,death_explosion_run_f_v3,16.8,16.8
997,common,  xanim,xanim,death_explosion_run_f_v2,19.4,19.4
998,common,  xanim,xanim,death_explosion_run_f_v1,17.2,17.2
999,common,  xanim,xanim,death_explosion_stand_l_v3,19.3,19.3
1000,common,  xanim,xanim,death_explosion_stand_b_v4,17.3,17.3
1001,common,  xanim,xanim,death_explosion_stand_up_v2,13.5,13.5
1002,common,  xanim,xanim,death_explosion_stand_up_v1,17.7,17.7
1003,common,  rawfile,rawfile,animscripts/battlechatter.gsc,69.3,69.3
1004,common,  rawfile,rawfile,animscripts/battlechatter_ai.gsc,31.2,31.2
1005,common,  rawfile,rawfile,animscripts/combat.gsc,50.5,50.5
1006,common,  rawfile,rawfile,animscripts/combat_utility.gsc,46.2,46.2
1007,common,  rawfile,rawfile,animscripts/cover_arrival.gsc,45.2,45.2
1008,common,  rawfile,rawfile,animscripts/corner.gsc,29.9,29.9
1009,common,  rawfile,rawfile,animscripts/cover_left.gsc,4.8,4.8
1010,common,  rawfile,rawfile,animscripts/cover_prone.gsc,9.2,9.2
1011,common,  rawfile,rawfile,animscripts/cover_right.gsc,5.2,5.2
1012,common,  rawfile,rawfile,animscripts/cover_wall.gsc,20.7,20.7
1013,common,  rawfile,rawfile,animscripts/cover_behavior.gsc,20.0,20.0
1014,common,  rawfile,rawfile,animscripts/cqb.gsc,7.0,7.0
1015,common,  rawfile,rawfile,animscripts/death.gsc,20.7,20.7
1016,common,  rawfile,rawfile,animscripts/face.gsc,15.8,15.8
1017,common,  rawfile,rawfile,animscripts/flashed.gsc,2.0,2.0
1018,common,  rawfile,rawfile,animscripts/grenade_cower.gsc,2.6,2.6
1019,common,  rawfile,rawfile,animscripts/grenade_return_throw.gsc,3.7,3.7
1020,common,  rawfile,rawfile,animscripts/init.gsc,57.1,57.1
1021,common,  rawfile,rawfile,animscripts/look.gsc,19.4,19.4
1022,common,  rawfile,rawfile,animscripts/melee.gsc,13.9,13.9
1023,common,  rawfile,rawfile,animscripts/move.gsc,7.0,7.0
1024,common,  rawfile,rawfile,animscripts/pain.gsc,35.4,35.4
1025,common,  rawfile,rawfile,animscripts/predict.gsc,3.3,3.3
1026,common,  rawfile,rawfile,animscripts/prone.gsc,10.9,10.9
1027,common,  rawfile,rawfile,animscripts/run.gsc,16.2,16.2
1028,common,  rawfile,rawfile,animscripts/scripted.gsc,2.5,2.5
1029,common,  rawfile,rawfile,animscripts/setposemovement.gsc,30.3,30.3
1030,common,  rawfile,rawfile,animscripts/shared.gsc,42.0,42.0
1031,common,  rawfile,rawfile,animscripts/shoot_behavior.gsc,14.5,14.5
1032,common,  rawfile,rawfile,animscripts/squadmanager.gsc,18.7,18.7
1033,common,  rawfile,rawfile,animscripts/stop.gsc,5.7,5.7
1034,common,  rawfile,rawfile,animscripts/utility.gsc,65.4,65.4
1035,common,  rawfile,rawfile,animscripts/walk.gsc,1.6,1.6
1036,common,  rawfile,rawfile,animscripts/weaponlist.gsc,7.6,7.6
1037,common,  rawfile,rawfile,animscripts/scripted/truckride_backoftruck.gsc,5.3,5.3
1038,common,  rawfile,rawfile,animscripts/traverse/fence_climb.gsc,1.3,1.3
1039,common,  rawfile,rawfile,animscripts/traverse/jump_down_96.gsc,1.1,1.1
1040,common,  rawfile,rawfile,animscripts/traverse/jump_over_high_wall.gsc,1.2,1.2
1041,common,  rawfile,rawfile,animscripts/traverse/ladder_down.gsc,1.5,1.5
1042,common,  rawfile,rawfile,animscripts/traverse/ladder_up.gsc,1.7,1.7
1043,common,  rawfile,rawfile,animscripts/traverse/shared.gsc,11.4,11.4
1044,common,  rawfile,rawfile,animscripts/traverse/stairs_down.gsc,1.7,1.7
1045,common,  rawfile,rawfile,animscripts/traverse/stairs_up.gsc,1.8,1.8
1046,common,  rawfile,rawfile,animscripts/traverse/step_down.gsc,1.2,1.2
1047,common,  rawfile,rawfile,animscripts/traverse/step_up.gsc,1.1,1.1
1048,common,  rawfile,rawfile,animscripts/traverse/wall_dive.gsc,1.1,1.1
1049,common,  rawfile,rawfile,animscripts/traverse/window.gsc,1.2,1.2
1050,common,  rawfile,rawfile,animscripts/traverse/window_2.gsc,1.6,1.6
1051,common,  rawfile,rawfile,animscripts/traverse/window_down.gsc,3.8,3.8
1052,common,  rawfile,rawfile,animscripts/traverse/slide_across_car.gsc,1.6,1.6
1053,common,  rawfile,rawfile,animscripts/traverse/wall_over_96.gsc,2.3,2.3
1054,common,  rawfile,rawfile,animscripts/animmode.gsc,1.7,1.7
1055,common,  rawfile,rawfile,animtrees/civilian.atr,1.2,1.2
1056,common,  rawfile,rawfile,animtrees/dog.atr,2.0,2.0
1057,common,  rawfile,rawfile,animtrees/generic_human.atr,62.3,62.3
1058,common,  rawfile,rawfile,animtrees/vehicles.atr,3.7,3.7
1059,common,  techset,techset,sm2/effect,2.0,2.0
1060,common,  techset,techset,effect,1.7,1.7
1061,common,  techset,techset,sm2/effect_add_nofog,1.0,1.0
1062,common,  techset,techset,sm2/laser,1.7,1.7
1063,common,  techset,techset,laser,1.6,1.6
1064,common,  techset,techset,sm2/post_light,1.4,1.4
1065,common,  techset,techset,post_light,1.5,1.5
1066,common,  techset,techset,sm2/mc_l_sm_r0c0s0,28.8,28.8
1067,common,  techset,techset,sm2/mc_l_hsm_r0c0,14.6,14.6
1068,common,  techset,techset,mc_l_sm_r0c0s0,49.0,49.0
1069,common,  techset,techset,mc_l_sm_r0c0,29.0,29.0
1070,common,  techset,techset,mc_l_hsm_r0c0,17.4,17.4
1071,common,  techset,techset,mc_l_hsm_r0c0s0,18.9,18.9
1072,common,  xmodel,xmodel,weapon_saw_mg_setup,117.8,118.1
1073,common,  techset,techset,sm2/effect_zfeather,1.7,1.7
1074,common,  techset,techset,effect_zfeather,1.6,1.6
1075,common,  techset,techset,sm2/effect_zfeather_add_nofog,1.5,1.5
1076,common,  techset,techset,effect_zfeather_add_nofog,1.4,1.4
1077,common,  fx,fx,muzzleflashes/saw_flshview_a,6.1,6.6
1078,common,  fx,fx,muzzleflashes/saw_flshview_b,6.1,6.1
1079,common,  fx,fx,muzzleflashes/saw_flshview_c,1.1,1.1
1080,common,  fx,fx,muzzleflashes/saw_flshview_d,6.1,6.1
1081,common,  techset,techset,sm2/distortion_scale_zfeather,2.4,2.4
1082,common,  techset,techset,sm2/distortion_scale,1.8,1.8
1083,common,  techset,techset,distortion_scale_zfeather,2.2,2.2
1084,common,  techset,techset,distortion_scale,1.8,1.8
1085,common,  fx,fx,muzzleflashes/saw_flash_wv_a,6.6,6.8
1086,common,  fx,fx,muzzleflashes/saw_flash_wv_b,6.6,6.6
1087,common,  fx,fx,muzzleflashes/saw_flash_wv_c,6.6,6.6
1088,common,  rawfile,rawfile,animscripts/saw/common.gsc,6.5,6.5
1089,common,  xanim,xanim,saw_gunner_aim_down_left45,1.7,1.7
1090,common,  xanim,xanim,saw_gunner_aim_down_left30,1.7,1.7
1091,common,  xanim,xanim,saw_gunner_aim_down_left15,1.7,1.7
1092,common,  xanim,xanim,saw_gunner_aim_down_center,1.7,1.7
1093,common,  xanim,xanim,saw_gunner_aim_down_right15,1.7,1.7
1094,common,  xanim,xanim,saw_gunner_aim_down_right30,1.7,1.7
1095,common,  xanim,xanim,saw_gunner_aim_down_right45,1.7,1.7
1096,common,  xanim,xanim,saw_gunner_aim_level_left45,1.7,1.7
1097,common,  xanim,xanim,saw_gunner_aim_level_left30,1.7,1.7
1098,common,  xanim,xanim,saw_gunner_aim_level_left15,1.7,1.7
1099,common,  xanim,xanim,saw_gunner_aim_level_center,1.7,1.7
1100,common,  xanim,xanim,saw_gunner_aim_level_right15,1.7,1.7
1101,common,  xanim,xanim,saw_gunner_aim_level_right30,1.7,1.7
1102,common,  xanim,xanim,saw_gunner_aim_level_right45,1.7,1.7
1103,common,  xanim,xanim,saw_gunner_aim_up_left45,1.7,1.7
1104,common,  xanim,xanim,saw_gunner_aim_up_left30,1.7,1.7
1105,common,  xanim,xanim,saw_gunner_aim_up_left15,1.7,1.7
1106,common,  xanim,xanim,saw_gunner_aim_up_center,1.7,1.7
1107,common,  xanim,xanim,saw_gunner_aim_up_right15,1.7,1.7
1108,common,  xanim,xanim,saw_gunner_aim_up_right30,1.7,1.7
1109,common,  xanim,xanim,saw_gunner_aim_up_right45,1.7,1.7
1110,common,  xanim,xanim,saw_gunner_runin_l,24.2,24.2
1111,common,  xanim,xanim,saw_gunner_runin_r,27.9,27.9
1112,common,  xanim,xanim,saw_gunner_runin_m,24.8,24.8
1113,common,  xanim,xanim,saw_gunner_runin_ml,21.5,21.5
1114,common,  xanim,xanim,saw_gunner_runin_mr,23.5,23.5
1115,common,  xanim,xanim,saw_gunner_runout_l,26.1,26.1
1116,common,  xanim,xanim,saw_gunner_runout_r,34.2,34.2
1117,common,  xanim,xanim,saw_gunner_runout_m,26.6,26.6
1118,common,  xanim,xanim,saw_gunner_runout_ml,26.4,26.4
1119,common,  xanim,xanim,saw_gunner_runout_mr,27.2,27.2
1120,common,  xanim,xanim,saw_gunner_pain,33.7,33.7
1121,common,  xanim,xanim,saw_gunner_death,32.6,32.6
1122,common,  xanim,xanim,saw_gunner_reload,113.2,113.2
1123,common,  xanim,xanim,standmg42gunner_pain,8.1,8.1
1124,common,  xanim,xanim,mg42_sandbag_setup,22.7,22.7
1125,common,  xanim,xanim,mg42_prone_setup,23.6,23.6
1126,common,  xanim,xanim,saw_gunner_prone_aim_down_center,1.7,1.7
1127,common,  xanim,xanim,saw_gunner_prone_aim_down_right20,1.7,1.7
1128,common,  xanim,xanim,saw_gunner_prone_aim_down_right40,1.7,1.7
1129,common,  xanim,xanim,saw_gunner_prone_aim_down_left20,1.7,1.7
1130,common,  xanim,xanim,saw_gunner_prone_aim_down_left40,1.7,1.7
1131,common,  xanim,xanim,saw_gunner_prone_aim_up_center,1.7,1.7
1132,common,  xanim,xanim,saw_gunner_prone_aim_up_right20,1.7,1.7
1133,common,  xanim,xanim,saw_gunner_prone_aim_up_right40,1.7,1.7
1134,common,  xanim,xanim,saw_gunner_prone_aim_up_left20,1.7,1.7
1135,common,  xanim,xanim,saw_gunner_prone_aim_up_left40,1.7,1.7
1136,common,  xanim,xanim,saw_gunner_prone_aim_level_center,1.7,1.7
1137,common,  xanim,xanim,saw_gunner_prone_aim_level_right20,1.7,1.7
1138,common,  xanim,xanim,saw_gunner_prone_aim_level_right40,1.7,1.7
1139,common,  xanim,xanim,saw_gunner_prone_aim_level_left20,1.7,1.7
1140,common,  xanim,xanim,saw_gunner_prone_aim_level_left40,1.7,1.7
1141,common,  xanim,xanim,saw_gunner_prone_death,50.8,50.8
1142,common,  xanim,xanim,saw_gunner_prone_pain,26.3,26.3
1143,common,  xanim,xanim,saw_gunner_prone_pain2,31.6,31.6
1144,common,  xanim,xanim,saw_gunner_prone_reload,82.0,82.0
1145,common,  xanim,xanim,saw_gunner_prone_twitch,29.8,29.8
1146,common,  xanim,xanim,saw_gunner_prone_twitch2,31.4,31.4
1147,common,  xanim,xanim,saw_gunner_prone_twitch3,30.4,30.4
1148,common,  xanim,xanim,saw_gunner_prone_runin_m,26.2,26.2
1149,common,  xanim,xanim,saw_gunner_prone_runin_ml,25.0,25.0
1150,common,  xanim,xanim,saw_gunner_prone_runin_mr,25.1,25.1
1151,common,  xanim,xanim,saw_gunner_prone_runout_f,35.4,35.4
1152,common,  xanim,xanim,saw_gunner_prone_runout_m,37.9,37.9
1153,common,  xanim,xanim,saw_gunner_prone_runout_m2,48.1,48.1
1154,common,  xanim,xanim,saw_gunner_prone_runout_l,39.0,39.0
1155,common,  xanim,xanim,saw_gunner_prone_runout_r,29.5,29.5
1156,common,  xanim,xanim,saw_gunner_standcasual2prone,29.2,29.2
1157,common,  xanim,xanim,saw_gunner_standaim2prone,29.6,29.6
1158,common,  xanim,xanim,saw_gunner_lowwall_aim_down_left45,1.7,1.7
1159,common,  xanim,xanim,saw_gunner_lowwall_aim_down_left30,1.7,1.7
1160,common,  xanim,xanim,saw_gunner_lowwall_aim_down_left15,1.7,1.7
1161,common,  xanim,xanim,saw_gunner_lowwall_aim_down_center,1.7,1.7
1162,common,  xanim,xanim,saw_gunner_lowwall_aim_down_right15,1.7,1.7
1163,common,  xanim,xanim,saw_gunner_lowwall_aim_down_right30,1.7,1.7
1164,common,  xanim,xanim,saw_gunner_lowwall_aim_down_right45,1.7,1.7
1165,common,  xanim,xanim,saw_gunner_lowwall_aim_level_left45,1.8,1.8
1166,common,  xanim,xanim,saw_gunner_lowwall_aim_level_left30,1.8,1.8
1167,common,  xanim,xanim,saw_gunner_lowwall_aim_level_left15,1.8,1.8
1168,common,  xanim,xanim,saw_gunner_lowwall_aim_level_center,1.8,1.8
1169,common,  xanim,xanim,saw_gunner_lowwall_aim_level_right15,1.8,1.8
1170,common,  xanim,xanim,saw_gunner_lowwall_aim_level_right30,1.8,1.8
1171,common,  xanim,xanim,saw_gunner_lowwall_aim_level_right45,1.8,1.8
1172,common,  xanim,xanim,saw_gunner_lowwall_aim_up_left45,1.8,1.8
1173,common,  xanim,xanim,saw_gunner_lowwall_aim_up_left30,1.8,1.8
1174,common,  xanim,xanim,saw_gunner_lowwall_aim_up_left15,1.8,1.8
1175,common,  xanim,xanim,saw_gunner_lowwall_aim_up_center,1.8,1.8
1176,common,  xanim,xanim,saw_gunner_lowwall_aim_up_right15,1.8,1.8
1177,common,  xanim,xanim,saw_gunner_lowwall_aim_up_right30,1.8,1.8
1178,common,  xanim,xanim,saw_gunner_lowwall_aim_up_right45,1.8,1.8
1179,common,  xanim,xanim,saw_gunner_lowwall_death,38.0,38.0
1180,common,  xanim,xanim,saw_gunner_lowwall_pain_01,26.8,26.8
1181,common,  xanim,xanim,saw_gunner_lowwall_pain_02,28.1,28.1
1182,common,  xanim,xanim,saw_gunner_lowwall_pickup_l,43.1,43.1
1183,common,  xanim,xanim,saw_gunner_lowwall_pickup_m,46.4,46.4
1184,common,  xanim,xanim,saw_gunner_lowwall_pickup_r,42.5,42.5
1185,common,  xanim,xanim,saw_gunner_lowwall_reload,107.8,107.8
1186,common,  xanim,xanim,saw_gunner_lowwall_twitch_01,13.8,13.8
1187,common,  xanim,xanim,saw_gunner_lowwall_twitch_02,21.2,21.2
1188,common,  xanim,xanim,saw_gunner_lowwall_twitch_03,30.7,30.7
1189,common,  xanim,xanim,saw_gunner_lowwall_twitch_04,19.1,19.1
1190,common,  xanim,xanim,saw_gunner_lowwall_twitch_05,38.5,38.5
1191,common,  xanim,xanim,saw_gunner_lowwall_runin_l,20.7,20.7
1192,common,  xanim,xanim,saw_gunner_lowwall_runin_r,27.4,27.4
1193,common,  xanim,xanim,saw_gunner_lowwall_runin_m,23.7,23.7
1194,common,  xanim,xanim,saw_gunner_lowwall_runin_ml,24.2,24.2
1195,common,  xanim,xanim,saw_gunner_lowwall_runin_mr,24.9,24.9
1196,common,  xanim,xanim,saw_gunner_lowwall_runout_l,24.8,24.8
1197,common,  xanim,xanim,saw_gunner_lowwall_runout_r,30.3,30.3
1198,common,  xanim,xanim,saw_gunner_lowwall_runout_m,27.4,27.4
1199,common,  xanim,xanim,saw_gunner_lowwall_runout_ml,25.9,25.9
1200,common,  xanim,xanim,saw_gunner_lowwall_runout_mr,28.9,28.9
1201,common,  rawfile,rawfile,common_scripts/utility.gsc,25.6,25.6
1202,common,  rawfile,rawfile,maps/_ac130.gsc,53.0,53.0
1203,common,  rawfile,rawfile,maps/_ambient.gsc,15.4,15.4
1204,common,  rawfile,rawfile,maps/_anim.gsc,76.6,76.6
1205,common,  rawfile,rawfile,maps/_animatedmodels.gsc,6.8,6.8
1206,common,  rawfile,rawfile,maps/_art.gsc,24.2,24.2
1207,common,  rawfile,rawfile,maps/_astar.gsc,8.2,8.2
1208,common,  rawfile,rawfile,maps/_autosave.gsc,10.8,10.8
1209,common,  rawfile,rawfile,maps/_blackhawk.gsc,8.9,8.9
1210,common,  rawfile,rawfile,maps/_bmp.gsc,3.3,3.3
1211,common,  rawfile,rawfile,maps/_bm21.gsc,4.6,4.6
1212,common,  rawfile,rawfile,maps/_bm21_troops.gsc,9.2,9.2
1213,common,  rawfile,rawfile,maps/_breach.gsc,28.1,28.1
1214,common,  rawfile,rawfile,maps/_briefing.gsc,7.4,7.4
1215,common,  rawfile,rawfile,maps/_cobra.gsc,2.9,2.9
1216,common,  rawfile,rawfile,maps/_cobrapilot.gsc,76.0,76.0
1217,common,  rawfile,rawfile,maps/_colors.gsc,42.6,42.6
1218,common,  rawfile,rawfile,maps/_compass.gsc,2.3,2.3
1219,common,  rawfile,rawfile,maps/_createfx.gsc,41.0,41.0
1220,common,  rawfile,rawfile,maps/_createfxmenu.gsc,12.8,12.8
1221,common,  rawfile,rawfile,maps/_createpath.gsc,15.5,15.5
1222,common,  rawfile,rawfile,maps/_damagefeedback.gsc,1.1,1.1
1223,common,  rawfile,rawfile,maps/_debug.gsc,62.0,62.0
1224,common,  rawfile,rawfile,maps/_detonategrenades.gsc,11.2,11.2
1225,common,  rawfile,rawfile,maps/_documents.gsc,3.0,3.0
1226,common,  rawfile,rawfile,maps/_drone.gsc,11.8,11.8
1227,common,  rawfile,rawfile,maps/_endmission.gsc,11.3,11.3
1228,common,  rawfile,rawfile,maps/_equalizer.gsc,21.0,21.0
1229,common,  rawfile,rawfile,maps/_float.gsc,2.8,2.8
1230,common,  rawfile,rawfile,maps/_friendlyfire.gsc,8.3,8.3
1231,common,  rawfile,rawfile,maps/_fx.gsc,18.8,18.8
1232,common,  rawfile,rawfile,maps/_gameskill.gsc,68.8,68.8
1233,common,  rawfile,rawfile,maps/_global_fx.gsc,4.1,4.1
1234,common,  rawfile,rawfile,maps/_guide.gsc,1.9,1.9
1235,common,  rawfile,rawfile,maps/_helicopter_ai.gsc,10.0,10.0
1236,common,  rawfile,rawfile,maps/_helicopter_globals.gsc,13.5,13.5
1237,common,  rawfile,rawfile,maps/_hind.gsc,11.7,11.7
1238,common,  rawfile,rawfile,maps/_hud.gsc,1.9,1.9
1239,common,  rawfile,rawfile,maps/_hud_util.gsc,10.8,10.8
1240,common,  rawfile,rawfile,maps/_hud_weapons.gsc,10.7,10.7
1241,common,  rawfile,rawfile,maps/_humvee.gsc,2.2,2.2
1242,common,  rawfile,rawfile,maps/_interactive_objects.gsc,46.5,46.5
1243,common,  rawfile,rawfile,maps/_introscreen.gsc,32.9,32.9
1244,common,  rawfile,rawfile,maps/_inventory.gsc,2.6,2.6
1245,common,  rawfile,rawfile,maps/_leak.gsc,5.3,5.3
1246,common,  rawfile,rawfile,maps/_leapfrog.gsc,6.6,6.6
1247,common,  rawfile,rawfile,maps/_load.gsc,86.9,86.9
1248,common,  rawfile,rawfile,maps/_loadout.gsc,18.5,18.5
1249,common,  rawfile,rawfile,maps/_m1a1.gsc,1.4,1.4
1250,common,  rawfile,rawfile,maps/_menus.gsc,24.6,24.6
1251,common,  rawfile,rawfile,maps/_mgturret.gsc,49.0,49.0
1252,common,  rawfile,rawfile,maps/_mi17.gsc,8.1,8.1
1253,common,  rawfile,rawfile,maps/_mi17_noai.gsc,3.4,3.4
1254,common,  rawfile,rawfile,maps/_mig29.gsc,7.0,7.0
1255,common,  rawfile,rawfile,maps/_minefields.gsc,1.3,1.3
1256,common,  rawfile,rawfile,maps/_mortar.gsc,30.5,30.5
1257,common,  rawfile,rawfile,maps/_mortarteam.gsc,13.8,13.8
1258,common,  rawfile,rawfile,maps/_names.gsc,11.1,11.1
1259,common,  rawfile,rawfile,maps/_painter.gsc,21.6,21.6
1260,common,  rawfile,rawfile,maps/_patrol.gsc,9.2,9.2
1261,common,  rawfile,rawfile,maps/_photosource.gsc,14.6,14.6
1262,common,  rawfile,rawfile,maps/_pipes.gsc,17.2,17.2
1263,common,  rawfile,rawfile,maps/_quotes.gsc,8.7,8.7
1264,common,  rawfile,rawfile,maps/_scripted.gsc,8.0,8.0
1265,common,  rawfile,rawfile,maps/_sea.gsc,11.4,11.4
1266,common,  rawfile,rawfile,maps/_seaknight.gsc,4.9,4.9
1267,common,  rawfile,rawfile,maps/_shellshock.gsc,1.9,1.9
1268,common,  rawfile,rawfile,maps/_shutter.gsc,9.0,9.0
1269,common,  rawfile,rawfile,maps/_small_hatchback.gsc,1.3,1.3
1270,common,  rawfile,rawfile,maps/_small_wagon.gsc,1.3,1.3
1271,common,  rawfile,rawfile,maps/_lights.gsc,10.6,10.6
1272,common,  rawfile,rawfile,maps/_spawner.gsc,120.6,120.6
1273,common,  rawfile,rawfile,maps/_stretcher.gsc,17.5,17.5
1274,common,  rawfile,rawfile,maps/_t72.gsc,2.0,2.0
1275,common,  rawfile,rawfile,maps/_technical.gsc,6.3,6.3
1276,common,  rawfile,rawfile,maps/_treadfx.gsc,3.5,3.5
1277,common,  rawfile,rawfile,maps/_treeburst.gsc,3.4,3.4
1278,common,  rawfile,rawfile,maps/_treefall.gsc,1.6,1.6
1279,common,  rawfile,rawfile,maps/_truck.gsc,5.2,5.2
1280,common,  rawfile,rawfile,maps/_utility.gsc,219.3,219.3
1281,common,  rawfile,rawfile,maps/_utility_code.gsc,15.7,15.7
1282,common,  rawfile,rawfile,maps/_vehicle.gsc,180.7,180.7
1283,common,  rawfile,rawfile,maps/_destructible.gsc,55.4,55.4
1284,common,  rawfile,rawfile,maps/_destructible_types.gsc,130.4,130.4
1285,common,  rawfile,rawfile,maps/_vehicledrive.gsc,8.1,8.1
1286,common,  rawfile,rawfile,maps/_vehiclenames.gsc,3.7,3.7
1287,common,  rawfile,rawfile,maps/_vehicle_aianim.gsc,51.2,51.2
1288,common,  rawfile,rawfile,maps/_vehicle_missile.gsc,5.4,5.4
1289,common,  rawfile,rawfile,maps/_weather.gsc,7.4,7.4
1290,common,  rawfile,rawfile,maps/_radiation.gsc,9.7,9.7
1291,common,  rawfile,rawfile,maps/_wood.gsc,4.6,4.6
1292,common,  rawfile,rawfile,maps/_luxurysedan.gsc,1.1,1.1
1293,common,  rawfile,rawfile,maps/_intelligence.gsc,8.1,8.1
1294,common,  rawfile,rawfile,maps/_80s_hatch1.gsc,2.1,2.1
1295,common,  rawfile,rawfile,maps/_80s_wagon1.gsc,2.2,2.2
1296,common,  rawfile,rawfile,maps/_80s_sedan1.gsc,1.8,1.8
1297,common,  rawfile,rawfile,maps/_vehicletypes.gsc,8.6,8.6
1298,common,  rawfile,rawfile,maps/_uaz.gsc,7.6,7.6
1299,common,  rawfile,rawfile,maps/_mi28.gsc,3.5,3.5
1300,common,  rawfile,rawfile,maps/_zpu_antiair.gsc,1.3,1.3
1301,common,  rawfile,rawfile,maps/_stealth_logic.gsc,80.9,80.9
1302,common,  rawfile,rawfile,maps/_stealth_behavior.gsc,76.2,76.2
1303,common,  rawfile,rawfile,maps/_cheat.gsc,13.9,13.9
1304,common,  rawfile,rawfile,maps/_hiding_door.gsc,2.6,2.6
1305,common,  rawfile,rawfile,maps/_props.gsc,4.2,4.2
1306,common,  rawfile,rawfile,maps/_deadbody.gsc,3.0,3.0
1307,common,  rawfile,rawfile,maps/_arcademode.gsc,60.5,60.5
1308,common,  xmodel,xmodel,sundirection_arrow,2.4,2.6
1309,common,  techset,techset,sm2/mc_l_sm_b0c0n0,27.3,27.3
1310,common,  techset,techset,sm2/mc_l_sm_b0c0,13.7,13.7
1311,common,  techset,techset,sm2/mc_l_hsm_b0c0,9.7,9.7
1312,common,  techset,techset,sm2/mc_l_hsm_b0c0n0,17.7,17.7
1313,common,  techset,techset,mc_l_sm_b0c0n0,41.4,41.4
1314,common,  techset,techset,mc_l_sm_b0c0,22.9,22.9
1315,common,  techset,techset,mc_l_hsm_b0c0,12.4,12.4
1316,common,  techset,techset,mc_l_hsm_b0c0n0,20.4,20.4
1317,common,  techset,techset,sm2/wc_l_sm_b0c0n0,14.0,14.0
1318,common,  techset,techset,sm2/wc_l_sm_b0c0,10.1,10.1
1319,common,  techset,techset,sm2/wc_l_hsm_b0c0,7.0,7.0
1320,common,  techset,techset,sm2/wc_l_hsm_b0c0n0,8.5,8.5
1321,common,  techset,techset,wc_l_sm_b0c0n0,21.0,21.0
1322,common,  techset,techset,wc_l_sm_b0c0,16.1,16.1
1323,common,  techset,techset,wc_l_hsm_b0c0,8.4,8.4
1324,common,  techset,techset,wc_l_hsm_b0c0n0,9.9,9.9
1325,common,  xmodel,xmodel,fx_wood_splinter02,2.0,2.0
1326,common,  fx,fx,impacts/distant_grain,2.2,2.4
1327,common,  fx,fx,impacts/large_woodhit,4.0,4.9
1328,common,  fx,fx,impacts/brickimpact_em2,1.3,1.3
1329,common,  fx,fx,impacts/small_brick,3.4,4.4
1330,common,  fx,fx,impacts/default_hit,2.2,2.7
1331,common,  fx,fx,impacts/cloth_hit,2.6,2.6
1332,common,  fx,fx,impacts/distant_conc,2.2,2.2
1333,common,  fx,fx,impacts/small_concrete_1,7.9,9.2
1334,common,  fx,fx,impacts/small_dirt_1,9.6,9.9
1335,common,  fx,fx,impacts/small_foliage,2.6,3.0
1336,common,  techset,techset,mc_l_sm_b0c0s0,29.5,29.5
1337,common,  techset,techset,mc_l_hsm_b0c0s0,15.4,15.4
1338,common,  techset,techset,wc_l_sm_b0c0s0,19.3,19.3
1339,common,  techset,techset,wc_l_hsm_b0c0s0,9.8,9.8
1340,common,  techset,techset,mc_l_sm_b0c0n0s0,45.1,45.1
1341,common,  techset,techset,mc_l_hsm_b0c0n0s0,22.0,22.0
1342,common,  fx,fx,impacts/small_glass,3.8,4.7
1343,common,  fx,fx,impacts/small_grass,4.0,4.6
1344,common,  fx,fx,impacts/small_gravel,2.8,3.2
1345,common,  fx,fx,impacts/small_snowhit,2.8,3.1
1346,common,  techset,techset,wc_l_sm_b0c0n0s0,22.4,22.4
1347,common,  techset,techset,wc_l_hsm_b0c0n0s0,11.0,11.0
1348,common,  fx,fx,impacts/small_metalhit_1,4.7,5.7
1349,common,  fx,fx,impacts/decal_mudsplash,0.6,1.4
1350,common,  fx,fx,impacts/small_mud,4.5,4.8
1351,common,  fx,fx,impacts/small_plaster_1,5.3,5.9
1352,common,  fx,fx,impacts/small_rock_1,5.8,6.4
1353,common,  fx,fx,impacts/small_waterhit,3.2,3.5
1354,common,  fx,fx,impacts/small_asphalt,6.4,6.5
1355,common,  fx,fx,impacts/small_ceramic,5.3,5.8
1356,common,  fx,fx,impacts/large_plastic,2.2,3.2
1357,common,  fx,fx,impacts/cushion_hit,2.5,2.7
1358,common,  fx,fx,impacts/large_metal_painted_hit,4.7,4.7
1359,common,  fx,fx,impacts/flesh_hit_body_nonfatal,1.7,1.7
1360,common,  fx,fx,impacts/flesh_hit_body_fatal_exit,2.0,2.1
1361,common,  fx,fx,impacts/exit_tracer,1.3,1.4
1362,common,  xmodel,xmodel,fx_watermelonmeat_01,3.3,3.5
1363,common,  xmodel,xmodel,fx_watermelonmeat_02,2.7,2.7
1364,common,  xmodel,xmodel,fx_watermelonmeat_03,2.8,2.8
1365,common,  xmodel,xmodel,fx_watermelonmeat_04,2.9,2.9
1366,common,  fx,fx,impacts/flesh_hit_splat,0.6,1.8
1367,common,  fx,fx,impacts/flesh_hit_head_fatal_exit,4.2,4.2
1368,common,  fx,fx,impacts/large_brick,3.4,3.8
1369,common,  fx,fx,impacts/large_concrete_1,7.6,7.6
1370,common,  fx,fx,impacts/large_dirt_1,9.6,9.6
1371,common,  fx,fx,impacts/large_glass,3.9,3.9
1372,common,  fx,fx,impacts/large_gravel,4.0,4.0
1373,common,  fx,fx,impacts/large_metalhit_1,4.7,4.7
1374,common,  fx,fx,impacts/large_mud,4.4,4.4
1375,common,  fx,fx,impacts/large_plaster_1,5.8,5.8
1376,common,  fx,fx,impacts/large_rock_1,5.3,5.3
1377,common,  fx,fx,impacts/large_waterhit,3.1,3.1
1378,common,  fx,fx,impacts/large_asphalt,6.5,6.5
1379,common,  fx,fx,impacts/large_ceramic,5.8,5.8
1380,common,  fx,fx,impacts/distant_grain_large,2.2,2.2
1381,common,  fx,fx,impacts/20mm_wood_impact,5.3,5.3
1382,common,  fx,fx,impacts/20mm_brick_impact,7.0,7.0
1383,common,  fx,fx,impacts/20mm_concrete_impact,7.0,7.0
1384,common,  fx,fx,impacts/20mm_dirt_impact,7.2,7.2
1385,common,  fx,fx,impacts/distant_conc_large,2.2,2.3
1386,common,  fx,fx,impacts/20mm_glass_impact,4.4,4.4
1387,common,  fx,fx,impacts/20mm_default_impact,7.0,7.0
1388,common,  fx,fx,impacts/20mm_snow_impact,2.6,2.6
1389,common,  fx,fx,impacts/20mm_metal_impact,4.7,5.5
1390,common,  fx,fx,impacts/20mm_plaster_impact,7.0,7.0
1391,common,  fx,fx,impacts/20mm_rock_impact,7.0,7.0
1392,common,  fx,fx,impacts/20mm_water_impact,3.0,3.0
1393,common,  fx,fx,impacts/20mm_ceramic_impact,7.0,7.0
1394,common,  fx,fx,explosions/grenade_flash,3.0,3.2
1395,common,  fx,fx,explosions/grenadeexp_default,6.2,6.4
1396,common,  fx,fx,smoke/grenade_smoke,1.6,1.9
1397,common,  fx,fx,explosions/grenadeexp_wood,6.6,6.7
1398,common,  fx,fx,explosions/grenadeexp_blacktop,7.6,7.6
1399,common,  fx,fx,explosions/grenadeexp_concrete_1,23.3,23.3
1400,common,  fx,fx,explosions/grenadeexp_dirt_1,23.7,23.9
1401,common,  fx,fx,impacts/flesh_hit,2.8,2.9
1402,common,  fx,fx,explosions/grenadeexp_mud,8.2,8.2
1403,common,  fx,fx,explosions/grenadeexp_metal,9.4,9.4
1404,common,  techset,techset,sm2/particle_cloud_outdoor,1.2,1.2
1405,common,  techset,techset,particle_cloud_outdoor,1.1,1.1
1406,common,  fx,fx,explosions/grenadeexp_snow,20.1,20.5
1407,common,  fx,fx,explosions/grenadeexp_water,6.1,6.4
1408,common,  fx,fx,explosions/default_explosion,12.1,12.1
1409,common,  fx,fx,explosions/mortarexp_water,9.4,9.8
1410,common,  fx,fx,impacts/impact_em,1.3,1.3
1411,common,  fx,fx,impacts/large_plaster,4.5,4.5
1412,common,  fx,fx,impacts/large_rock,4.3,4.3
1413,common,  fx,fx,impacts/large_dirt,3.4,3.4
1414,common,  impactfx,impactfx,,1.5,1.5
1415,common,  techset,techset,sm2/effect_add_eyeoffset,1.1,1.1
1416,common,  techset,techset,effect_add_eyeoffset,1.0,1.0
1417,common,  fx,fx,impacts/flesh_hit_noblood,1.7,1.7
1418,common,  fx,fx,impacts/flesh_hit_knife,2.0,2.0
1419,common,  fx,fx,impacts/flesh_hit_knife_noblood,1.7,1.7
1420,common,    menu,menu,weaponinfo,3.2,3.3
1421,common,    menu,menu,compass,2.0,2.1
1422,common,    menu,menu,dpad,7.7,7.7
1423,common,    menu,menu,deadscreen,1.2,1.2
1424,common,    menu,menu,weaponjavelinhud,5.7,6.4
1425,common,    menu,menu,pausedmenu,6.4,6.4
1426,common,    menu,menu,pausedbkgnd,1.1,1.2
1427,common,    menu,menu,objectiveinfo,9.4,9.5
1428,common,  menufile,menufile,ui/hud.txt,0.1,46.1
1429,common,    menu,menu,main_controls,23.8,23.8
1430,common,    menu,menu,main_options,35.7,35.7
1431,common,    menu,menu,ingameoptions,26.3,26.3
1432,common,    menu,menu,options_look,55.4,55.4
1433,common,    menu,menu,options_move,57.9,57.9
1434,common,    menu,menu,options_shoot,66.9,66.9
1435,common,    menu,menu,options_misc,32.6,32.6
1436,common,    menu,menu,options_graphics,79.0,79.0
1437,common,    menu,menu,options_graphics_texture,52.8,52.8
1438,common,    menu,menu,apply_picmip_popmenu,2.3,2.3
1439,common,    menu,menu,options_game,52.4,52.4
1440,common,    menu,menu,options_sound,50.0,50.0
1441,common,    menu,menu,options_control_defaults,28.1,28.1
1442,common,    menu,menu,options_graphics_defaults,38.0,38.0
1443,common,    menu,menu,pregame,2.0,2.0
1444,common,    menu,menu,savegame_warning,3.1,3.1
1445,common,    menu,menu,savegame_warning_arcade,1.7,1.7
1446,common,    menu,menu,savegame_warning_noprofile,1.7,1.7
1447,common,    menu,menu,savegame_warning_noprofile1,1.6,1.6
1448,common,    menu,menu,restart_warning,2.9,2.9
1449,common,    menu,menu,menu_special_features,68.2,68.3
1450,common,    menu,menu,invert_axis_pc,7.6,7.6
1451,common,    menu,menu,diff_con_easy,5.9,5.9
1452,common,    menu,menu,diff_con_regular,5.5,5.5
1453,common,    menu,menu,diff_con_hardened,5.5,5.5
1454,common,    menu,menu,diff_con_veteran,5.5,5.5
1455,common,    menu,menu,select_difficulty,32.4,32.4
1456,common,    menu,menu,vid_restart_popmenu,6.9,6.9
1457,common,    menu,menu,vid_restart_popmenu_listen,6.5,6.5
1458,common,    menu,menu,vid_restart_popmenu_dead,4.3,4.3
1459,common,    menu,menu,snd_restart_popmenu,6.8,6.8
1460,common,    menu,menu,popmenu_difficulty,21.2,21.2
1461,common,    menu,menu,popmenu_arcade_difficulty,14.3,14.3
1462,common,    menu,menu,popmenu_newgame,14.3,14.3
1463,common,    menu,menu,ingame_difficulty,13.7,13.7
1464,common,  menufile,menufile,ui/ingame.txt,0.2,834.5
1465,common,  rawfile,rawfile,info/bullet_penetration_sp,1.3,1.3
1466,common,  xmodel,xmodel,fx,5.1,5.1
1467,common,  xmodel,xmodel,defaultvehicle,7.6,7.8
1468,common,  xmodel,xmodel,defaultactor,12.7,12.7
1469,common,  xmodel,xmodel,test_box,1.7,1.8
1470,common,  xmodel,xmodel,test_cylinder,7.3,7.3
1471,common,  techset,techset,sm2/mc_l_sm_r0c0n0s0,15.5,15.5
1472,common,  techset,techset,sm2/mc_l_hsm_r0c0n0,10.8,10.8
1473,common,  techset,techset,mc_l_sm_r0c0n0s0,33.2,33.2
1474,common,  techset,techset,mc_l_sm_r0c0n0,21.1,21.1
1475,common,  techset,techset,mc_l_hsm_r0c0n0,13.1,13.1
1476,common,  techset,techset,mc_l_hsm_r0c0n0s0,15.5,15.5
1477,common,  xmodel,xmodel,grenade_bag,75.3,75.6
1478,common,  xmodel,xmodel,test_sphere_silver,21.3,21.6
1479,common,  xmodel,xmodel,viewmodel_default,1.2,1.2
1480,common,  fx,fx,muzzleflashes/heavy_view,2.7,2.9
1481,common,  fx,fx,muzzleflashes/heavy,2.7,2.7
1482,common,  xmodel,xmodel,fx_pistol_shell,3.7,3.9
1483,common,  xmodel,xmodel,fx_rifle_shell,2.7,2.7
1484,common,  xmodel,xmodel,fx_rifle_shell_blur,2.3,2.5
1485,common,  fx,fx,shellejects/rifle_view_blurred01,2.7,2.7
1486,common,  fx,fx,shellejects/rifle_view_blurred02,2.7,2.7
1487,common,  fx,fx,shellejects/rifle_view_blurred03,2.7,2.7
1488,common,  xmodel,xmodel,defaultweapon,1.1,1.1
1489,common,  xanim,xanim,viewmodel_default_idle,1.1,1.1
1490,common,  xanim,xanim,viewmodel_default_fire,1.5,1.5
1491,common,  xanim,xanim,viewmodel_default_pullout,2.4,2.4
1492,common,  xanim,xanim,viewmodel_default_putaway,2.4,2.4
1493,common,  xmodel,xmodel,viewmodel_m67,43.6,43.8
1494,common,  xmodel,xmodel,weapon_m67_grenade,37.9,37.9
1495,common,  xmodel,xmodel,projectile_m67fraggrenade,16.8,16.8
1496,common,  xanim,xanim,viewmodel_m67_idle,1.8,1.8
1497,common,  xanim,xanim,viewmodel_m67_throw,4.9,4.9
1498,common,  xanim,xanim,viewmodel_m67_pullpin,6.5,6.5
1499,common,  xanim,xanim,viewmodel_m67_pickup_livenade,7.3,7.3
1500,common,  weapon,weapon,fraggrenade,1.0,1.1
1501,common,  xmodel,xmodel,viewmodel_ussmokegrenade,20.7,21.0
1502,common,  xmodel,xmodel,weapon_us_smoke_grenade,36.1,36.1
1503,common,  xmodel,xmodel,projectile_us_smoke_grenade,22.3,22.3
1504,common,  fx,fx,smoke/smoke_grenade,20.2,20.3
1505,common,  xmodel,xmodel,weapon_us_smoke_grenade_burnt,0.9,1.2
1506,common,  xanim,xanim,viewmodel_ussmokegrenade_idle,1.9,1.9
1507,common,  xanim,xanim,viewmodel_ussmokegrenade_throw,4.9,4.9
1508,common,  xanim,xanim,viewmodel_ussmokegrenade_pullpin,6.5,6.5
1509,common,  techset,techset,sm2/mc_l_sm_t0c0s0,16.6,16.6
1510,common,  techset,techset,sm2/mc_l_hsm_t0c0,9.6,9.6
1511,common,  techset,techset,mc_l_sm_t0c0s0,34.8,34.8
1512,common,  techset,techset,mc_l_sm_t0c0,19.5,19.5
1513,common,  techset,techset,mc_l_hsm_t0c0,12.4,12.4
1514,common,  techset,techset,mc_l_hsm_t0c0s0,14.9,14.9
1515,common,  xmodel,xmodel,viewmodel_m84,35.0,35.2
1516,common,  xmodel,xmodel,weapon_m84_flashbang_grenade,23.8,23.8
1517,common,  xmodel,xmodel,projectile_m84_flashbang_grenade,1.5,1.5
1518,common,  fx,fx,smoke/flashbang_smoke,7.1,7.1
1519,common,  xmodel,xmodel,weapon_m84_flashbang_grenade_burnt,17.3,17.5
1520,common,  fx,fx,explosions/flashbang,16.8,16.9
1521,common,  xanim,xanim,viewmodel_m84_idle,1.6,1.6
1522,common,  xanim,xanim,viewmodel_m84_throw,6.5,6.5
1523,common,  xanim,xanim,viewmodel_m84_pullpin,8.2,8.2
1524,common,  rawfile,rawfile,maps/_mg_penetration.gsc,8.2,8.2
1525,common,  fx,fx,treadfx/tread_dust_default,1.4,1.4
1526,common,  techset,techset,sm2/effect_falloff_add_nofog,1.2,1.2
1527,common,  techset,techset,effect_falloff_add_nofog,1.1,1.1
1528,common,  fx,fx,misc/ir_tapereflect,1.7,1.9
1529,common,  fx,fx,misc/light_c4_blink,1.6,1.6
1530,common,  techset,techset,sm2/effect_zfeather_falloff_add_nofog,1.5,1.5
1531,common,  techset,techset,effect_zfeather_falloff_add_nofog,1.4,1.4
1532,common,  fx,fx,misc/claymore_laser,2.1,2.4
1533,common,  fx,fx,misc/grain_test,1.1,1.1
1534,common,  xanim,xanim,viewmodel_mk2_idle,1.5,1.5
1535,common,  xmodel,xmodel,com_junktire,48.2,48.5
1536,common,  sound,sound,anml_dog_attack_jump,0.9,1.1
1537,common,  sound,sound,anml_dog_bark,0.9,1.2
1538,common,  sound,sound,anml_dog_die_front,0.9,1.1
1539,common,  sound,sound,artillery_incoming,1.7,1.7
1540,common,  sound,sound,bullet_ap_asphalt,1.5,2.2
1541,common,  sound,sound,bullet_ap_asphault,1.4,1.4
1542,common,  sound,sound,bullet_ap_bark,0.9,1.3
1543,common,  sound,sound,bullet_ap_bottle,1.1,1.6
1544,common,  sound,sound,bullet_ap_brick,1.3,1.4
1545,common,  sound,sound,bullet_ap_canvas,0.9,1.3
1546,common,  sound,sound,bullet_ap_ceramic,1.0,1.2
1547,common,  sound,sound,bullet_ap_concrete,1.5,1.5
1548,common,  sound,sound,bullet_ap_dirt,1.8,2.4
1549,common,  sound,sound,bullet_ap_flesh,1.1,1.5
1550,common,  sound,sound,bullet_ap_foliage,1.2,1.8
1551,common,  sound,sound,bullet_ap_glass,1.0,1.0
1552,common,  sound,sound,bullet_ap_grass,1.1,1.1
1553,common,  sound,sound,bullet_ap_gravel,1.0,1.0
1554,common,  sound,sound,bullet_ap_metal,1.9,2.6
1555,common,  sound,sound,bullet_ap_paintedmetal,1.7,1.7
1556,common,  sound,sound,bullet_ap_rock,1.3,1.4
1557,common,  sound,sound,bullet_ap_wood,1.4,1.7
1558,common,  sound,sound,bullet_large_asphalt,1.4,1.4
1559,common,  sound,sound,bullet_large_asphault,1.4,1.4
1560,common,  sound,sound,bullet_large_bottle,1.0,1.0
1561,common,  sound,sound,bullet_large_brick,1.3,1.3
1562,common,  sound,sound,bullet_large_concrete,1.5,1.5
1563,common,  sound,sound,bullet_large_dirt,1.6,1.6
1564,common,  sound,sound,bullet_large_exit_wood,1.2,1.2
1565,common,  sound,sound,bullet_large_foliage,1.1,1.1
1566,common,  sound,sound,bullet_large_glass,1.0,1.0
1567,common,  sound,sound,bullet_large_grass,1.1,1.1
1568,common,  sound,sound,bullet_large_gravel,1.0,1.0
1569,common,  sound,sound,bullet_large_metal,1.7,1.7
1570,common,  sound,sound,bullet_large_paintedmetal,1.7,1.7
1571,common,  sound,sound,bullet_large_rock,1.3,1.3
1572,common,  sound,sound,bullet_large_wood,1.4,1.4
1573,common,  sound,sound,bullet_small_asphalt,1.4,1.4
1574,common,  sound,sound,bullet_small_asphault,1.4,1.4
1575,common,  sound,sound,bullet_small_bottle,1.0,1.0
1576,common,  sound,sound,bullet_small_brick,1.3,1.3
1577,common,  sound,sound,bullet_small_concrete,1.5,1.5
1578,common,  sound,sound,bullet_small_dirt,1.6,1.6
1579,common,  sound,sound,bullet_small_exit_wood,1.2,1.2
1580,common,  sound,sound,bullet_small_foliage,1.1,1.2
1581,common,  sound,sound,bullet_small_glass,1.0,1.0
1582,common,  sound,sound,bullet_small_grass,1.1,1.1
1583,common,  sound,sound,bullet_small_gravel,1.0,1.0
1584,common,  sound,sound,bullet_small_metal,1.8,2.0
1585,common,  sound,sound,bullet_small_paintedmetal,1.7,1.7
1586,common,  sound,sound,bullet_small_rock,1.3,1.3
1587,common,  sound,sound,bullet_small_wood,1.4,1.4
1588,common,  sound,sound,bulletspray_large_asphalt,1.4,1.4
1589,common,  sound,sound,bulletspray_large_asphault,1.4,1.4
1590,common,  sound,sound,bulletspray_large_bottle,1.0,1.0
1591,common,  sound,sound,bulletspray_large_brick,1.3,1.3
1592,common,  sound,sound,bulletspray_large_concrete,1.5,1.5
1593,common,  sound,sound,bulletspray_large_dirt,1.6,1.6
1594,common,  sound,sound,bulletspray_large_foliage,1.1,1.1
1595,common,  sound,sound,bulletspray_large_glass,1.0,1.0
1596,common,  sound,sound,bulletspray_large_grass,1.1,1.1
1597,common,  sound,sound,bulletspray_large_gravel,1.0,1.0
1598,common,  sound,sound,bulletspray_large_metal,1.7,1.7
1599,common,  sound,sound,bulletspray_large_paintedmetal,1.7,1.7
1600,common,  sound,sound,bulletspray_large_rock,1.3,1.3
1601,common,  sound,sound,bulletspray_large_wood,1.4,1.4
1602,common,  sound,sound,bulletspray_small_asphalt,1.4,1.4
1603,common,  sound,sound,bulletspray_small_asphault,1.4,1.4
1604,common,  sound,sound,bulletspray_small_bottle,1.0,1.0
1605,common,  sound,sound,bulletspray_small_brick,1.3,1.3
1606,common,  sound,sound,bulletspray_small_concrete,1.5,1.5
1607,common,  sound,sound,bulletspray_small_dirt,1.6,1.6
1608,common,  sound,sound,bulletspray_small_foliage,1.1,1.1
1609,common,  sound,sound,bulletspray_small_glass,1.0,1.0
1610,common,  sound,sound,bulletspray_small_grass,1.1,1.1
1611,common,  sound,sound,bulletspray_small_gravel,1.0,1.0
1612,common,  sound,sound,bulletspray_small_metal,1.7,1.7
1613,common,  sound,sound,bulletspray_small_paintedmetal,1.7,1.7
1614,common,  sound,sound,bulletspray_small_rock,1.3,1.3
1615,common,  sound,sound,bulletspray_small_wood,1.4,1.4
1616,common,  sound,sound,elm_artillery_med,1.1,1.1
1617,common,  sound,sound,elm_explosions_dist,2.3,2.3
1618,common,  sound,sound,elm_explosions_med,1.8,1.8
1619,common,  sound,sound,elm_gunfire_50cal_dist,1.8,1.8
1620,common,  sound,sound,elm_gunfire_50cal_med,1.4,1.4
1621,common,  sound,sound,elm_gunfire_ak47_dist,2.8,2.8
1622,common,  sound,sound,elm_gunfire_ak47_med,2.8,2.8
1623,common,  sound,sound,elm_gunfire_m16_dist,2.1,2.1
1624,common,  sound,sound,elm_gunfire_m16_med,1.8,1.8
1625,common,  sound,sound,elm_gunfire_mp5_dist,1.1,1.1
1626,common,  sound,sound,elm_gunfire_mp5_med,1.1,1.1
1627,common,  sound,sound,elm_gunfire_usassault_med,5.7,5.7
1628,common,  sound,sound,elm_industry,1.2,1.2
1629,common,  sound,sound,elm_insect_fly,1.1,1.1
1630,common,  sound,sound,elm_quake_sub_rumble,1.9,1.9
1631,common,  sound,sound,elm_rubble,1.1,1.1
1632,common,  sound,sound,elm_wind_buffet,2.0,2.0
1633,common,  sound,sound,elm_wind_leafy,1.9,1.9
1634,common,  sound,sound,gear_rattle_plr_prone,1.5,1.8
1635,common,  sound,sound,gear_rattle_plr_run,1.2,1.4
1636,common,  sound,sound,gear_rattle_plr_sprint,1.2,1.4
1637,common,  sound,sound,gear_rattle_plr_walk,1.4,1.4
1638,common,  sound,sound,gear_rattle_run,1.4,1.4
1639,common,  sound,sound,gear_rattle_sprint,1.1,1.1
1640,common,  sound,sound,mtl_gas_pipe_hit,1.7,1.7
1641,common,  sound,sound,mtl_steam_pipe_hit,1.7,1.7
1642,common,  sound,sound,mtl_water_pipe_hit,1.7,1.7
1643,common,  sound,sound,shelleject,1.5,1.7
1644,common,  sound,sound,walla_rus_mountain_battle,2.2,2.2
1645,common,  sound,sound,walla_rus_mountain_chatter,1.5,1.5
1646,common,  sound,sound,walla_rus_mountain_conv,2.1,2.1
1647,common,  sound,sound,whizby,1.9,2.5
1648,common,  sound,sound,whizby_triggered,1.6,1.6
1649,common,  sound,sound,wood_crate_break_med,1.4,1.4
1650,common,  sound,sound,wood_impact,1.4,1.4
1651,common,  sound,sound,generic_death_american_1,1.0,1.0
1652,common,  sound,sound,generic_death_american_4,1.3,1.3
1653,common,  sound,sound,generic_death_american_5,1.0,1.0
1654,common,  sound,sound,generic_death_american_6,1.0,1.0
1655,common,  sound,sound,generic_death_american_7,1.0,1.0
1656,common,  sound,sound,generic_death_american_8,1.0,1.0
1657,common,  sound,sound,generic_death_arab_1,1.2,1.2
1658,common,  sound,sound,generic_death_arab_3,1.1,1.1
1659,common,  sound,sound,generic_death_arab_6,1.6,1.6
1660,common,  sound,sound,generic_death_british_4,1.0,1.0
1661,common,  sound,sound,generic_death_british_5,1.0,1.0
1662,common,  sound,sound,generic_death_british_6,1.0,1.0
1663,common,  sound,sound,generic_death_british_7,1.0,1.0
1664,common,  sound,sound,generic_death_british_8,1.0,1.0
1665,common,  sound,sound,generic_death_falling,1.3,1.3
1666,common,  sound,sound,generic_death_russian_6,1.2,1.2
1667,common,  sound,sound,generic_flashbang_american_4,1.9,1.9
1668,common,  sound,sound,generic_flashbang_american_5,1.6,1.6
1669,common,  sound,sound,generic_flashbang_american_6,1.6,1.6
1670,common,  sound,sound,generic_flashbang_american_7,1.6,1.6
1671,common,  sound,sound,generic_flashbang_american_8,1.6,1.6
1672,common,  sound,sound,generic_flashbang_arab_4,1.1,1.1
1673,common,  sound,sound,generic_flashbang_british_4,1.6,1.6
1674,common,  sound,sound,generic_flashbang_british_5,1.6,1.6
1675,common,  sound,sound,generic_flashbang_british_6,1.6,1.6
1676,common,  sound,sound,generic_flashbang_british_7,1.6,1.6
1677,common,  sound,sound,generic_flashbang_british_8,1.6,1.6
1678,common,  sound,sound,generic_flashbang_russian_1,1.1,1.1
1679,common,  sound,sound,generic_pain_american_4,1.5,1.5
1680,common,  sound,sound,generic_pain_american_5,1.5,1.5
1681,common,  sound,sound,generic_pain_american_6,1.5,1.5
1682,common,  sound,sound,generic_pain_american_7,1.5,1.5
1683,common,  sound,sound,generic_pain_american_8,1.5,1.5
1684,common,  sound,sound,generic_pain_british_4,1.5,1.5
1685,common,  sound,sound,generic_pain_british_5,1.5,1.5
1686,common,  sound,sound,generic_pain_british_6,1.5,1.5
1687,common,  sound,sound,generic_pain_british_7,1.5,1.5
1688,common,  sound,sound,generic_pain_british_8,1.5,1.5
1689,common,assetlist,assetlist,,53.1,27838.9
1690,common,xanim,xanim,(misc),40.3,40.3
1691,common,xmodel,xmodel,(misc),3.2,3.2
1692,common,material,material,(misc),23.3,23.3
1693,common,techset,techset,(misc),8.0,8.0
1694,common,image,image,(misc),4.9,4.9
1695,common,sound,sound,(misc),423.6,423.6
1696,common,loaded_sound,loaded_sound,(misc),29.2,29.2
1697,common,menu,menu,(misc),9.6,9.6
1698,common,localize,localize,(misc),235.3,235.3
1699,common,weapon,weapon,(misc),1.4,1.4
1700,common,fx,fx,(misc),45.8,45.8
1701,common,rawfile,rawfile,(misc),103.2,103.2
